unique_event_ID,location_name,location_name_ar,geo_longitude,geo_latitude,geo_accuracy,date_time,event_summary,event_summary_ar,type_of_violation,weapons_used,sources,sources_ar,embedded_videos,youtube_id_video,url_links,photos,files,number_1: *RENAME*,number_2: *RENAME*,number_3: *RENAME*,number_4: *RENAME*,number_5: *RENAME*,tag_1: *RENAME*,tag_2: *RENAME*,tag_3: *RENAME*,tag_4: *RENAME*,tag_5: *RENAME*,boolean_1: *RENAME*,boolean_2: *RENAME*,boolean_3: *RENAME*,boolean_4: *RENAME*,boolean_5: *RENAME*,Column,Column2,Column3,Column4,media_available,COMMENTS / QUERIES
CW_1001,Ayn Tarma,عين ترما,36.3499285,33.5123488,APPROXIMATE,08/21/13 12:00 AM,Casualties of chemical attack,حالات الإغماء جراء القصف الكيماوي,Use of illegal weapons,,Al-Marj Media Office,المكتب الإعلامي في منطقة المرج,https://files.syrianarchive.org/chemicalweapons/Damascus%20Countryside/حالة%20إغماء%20جراء%20قصف%20الغوطة%20الشرقية%20بالكيماوي-e5Ss14Q0MwY.mp4,,https://www.youtube.com/user/cmoAlghota,,,,,,,,,,,,,,,,,,,,,,,
CW_1002,Ayn Tarma,عين ترما,36.3499285,33.5123488,APPROXIMATE,08/21/13 12:00 AM,Casualties of chemical attack,حالات تشنج ناتجة عن الاصابة بالمواد الكيماوية,Use of illegal weapons,,Al-Marj Media Office,المكتب الإعلامي في منطقة المرج,https://files.syrianarchive.org/chemicalweapons/Damascus%20Countryside/حالة%20تشنج%20ناتجة%20عن%20الاصابة%20بالمواد%20الكيماوية%20في%20الغوطة%20الشرقية-gxsCwe43nPg.mp4,,https://www.youtube.com/user/cmoAlghota,,,,,,,,,,,,,,,,,,,,,,,
CW_1003,Ayn Tarma,عين ترما,36.3499285,33.5123488,APPROXIMATE,08/21/13 12:00 AM,Child casualties of chemical attack,إختناق طفل نتيجة القصف بغاز السارين,Use of illegal weapons,,Ayn Tarma Coordinating Committee,تنسيقية عين ترما,https://files.syrianarchive.org/chemicalweapons/Damascus%20Countryside/%D8%B1%D9%8A%D9%81%20%D8%AF%D9%85%D8%B4%D9%82_%D8%B9%D9%8A%D9%86%20%D8%AA%D8%B1%D9%85%D8%A7_%D8%A7%D8%AE%D8%AA%D9%86%D8%A7%D9%82%20%D8%B7%D9%81%D9%84%20%D9%86%D8%AA%D9%8A%D8%AC%D8%A9%20%D8%A7%D9%84%D9%82%D8%B5%D9%81%20%D8%A8%D8%BA%D8%A7%D8%B2%D8%A7%D8%AA%20%D8%A7%D9%84%D8%B3%D8%A7%D8%B1%D9%8A%D9%8621-8-2013-SHhTn6XXwS4.mp4,,https://www.youtube.com/user/syrefree,,,,,,,,,,,,,,,,,,,,,,,
CW_1004,Ayn Tarma,عين ترما,36.3499285,33.5123488,APPROXIMATE,08/21/13 12:00 AM,Casualties of chemical attack,الإصابات نتيجة القصف الكيماوي على عين ترما,Use of illegal weapons,,Ayn Tarma Coordinating Committee,تنسيقية عين ترما,https://files.syrianarchive.org/chemicalweapons/Damascus%20Countryside/%D8%B1%D9%8A%D9%81%20%D8%AF%D9%85%D8%B4%D9%82_%D8%B9%D9%8A%D9%86%20%D8%AA%D8%B1%D9%85%D8%A7_%D8%B9%D8%B4%D8%B1%D8%A7%D8%AA%20%D8%A7%D9%84%D8%B4%D9%87%D8%AF%D8%A7%D8%A1%20%D9%88%D8%AD%D8%A7%D9%84%D8%A7%D8%AA%20%D8%B0%D8%B9%D8%B1%20%D9%86%D8%AA%D9%8A%D8%AC%D8%A9%20%D8%A7%D9%84%D9%82%D8%B5%D9%81%20%D8%A8%D8%A7%D9%84%D9%85%D9%88%D8%A7%D8%AF%20%D8%A7%D9%84%D9%83%D9%8A%D9%85%D8%A7%D9%88%D9%8A%D8%A921-8-2013-34ayUjjpIsA.mp4,,https://www.youtube.com/user/syrefree,,,,,,,,,,,,,,,,,,,,,,,
CW_1125,Ayn Tarma,عين ترما,36.3499285,33.5123488,APPROXIMATE,08/21/13 12:00 AM,Child casualty of chemical attack,طفل متأثر نتيجة القصف الكيماوي,Use of illegal weapons,,Al-Marj Media Office,المكتب الاعلامي منطقة المرج,https://files.syrianarchive.org/chemicalweapons/Damascus%20Countryside/%D8%B6%D9%87%D9%88%D8%B1%20%D8%A3%D8%B9%D8%B1%D8%A7%D8%B6%20%D8%A7%D9%84%D8%A7%D8%B5%D8%A7%D8%A8%D8%A9%20%D8%A8%D8%A7%D9%84%D9%83%D9%8A%D9%85%D8%A7%D9%88%D9%8A%20%D9%84%D8%A3%D8%AD%D8%AF%20%D8%A7%D9%84%D8%A3%D8%B7%D9%81%D8%A7%D9%84-zaJBBOnucXA.mp4,,https://www.youtube.com/user/cmoAlghota,,,,,,,,,,,,,,,,,,,,,,,
CW_1005,Daraya,داريا,36.246869,33.452208,APPROXIMATE,08/21/13 12:00 AM,Field hospital doctor testimony oh chemical attack,شهادة طبيب من المشفى الميداني حول استخدام الأسلحة الكيميائية,Use of illegal weapons,,Daraya Media Office,المركز الإعلامي لمدينة داريا,https://files.syrianarchive.org/chemicalweapons/Damascus%20Countryside/داريا%20شهادة%20طبيب%20من%20المشفى%20الميداني%20حول%20%20استخدام%20الأسلحة%20الكيميائية%2021-8-2013-Ude2OMpyX6g.mp4,,https://www.youtube.com/user/DaryaRevlution,,,,,,,,,,,,,,,,,,,,,,,
CW_1006,Daraya,داريا,36.246869,33.452208,APPROXIMATE,08/21/13 12:00 AM,Casualties of chemical attack,مقطع يظهر اعداد المصابين بالغاز الكيماوي,Use of illegal weapons,,Daraya Media Office,المركز الإعلامي لمدينة داريا,https://files.syrianarchive.org/chemicalweapons/Damascus%20Countryside/داريا%20مقطع%20يظهر%20اعداد%20المصابين%20بالغاز%20الكيماوي%2021-8-2013-LBPnB2zs8jw.mp4,,https://www.youtube.com/user/DaryaRevlution,,,,,,,,,,,,,,,,,,,,,,,
CW_1007,Daraya,داريا,36.246869,33.452208,APPROXIMATE,08/21/13 12:00 AM,People from Moaddmiyat al-Sham in field hospital,سبعة شهداء وعشرات المصابين من اهالي المعضمية في المشفى الميداني بالقصف بالكيماوي,Use of illegal weapons,,Daraya Popular Council,المجلس المحلي لمدينة داريا,https://files.syrianarchive.org/chemicalweapons/Damascus%20Countryside/داريا%2021-8-2013%20سبعة%20شهداء%20وعشرات%20المصابين%20من%20اهالي%20المعضمية%20في%20المشفى%20الميداني%20بالقصف%20بالكيماوي-C6jlUHMk1_4.mp4,,https://www.youtube.com/user/Daraya4Media,,,,,,,,,,,,,,,,,,,,,,,
CW_1008,Daraya,داريا,36.246869,33.452208,APPROXIMATE,08/21/13 12:00 AM,Testimony of field hospital staff on collection of samples from casualties,شهادة أحد أفراد الكادر الطبي حول الغازات السامة وطرق جمع العينات من المصابين,Use of illegal weapons,,Daraya Popular Council,المجلس المحلي لمدينة داريا,https://files.syrianarchive.org/chemicalweapons/Damascus%20Countryside/داريا%2021-8-2013%20هام%20شهادة%20أحد%20أفراد%20الكادر%20الطبي%20حول%20الغازات%20السامة%20وطرق%20جمع%20العينات%20من%20المصابين-bwFA8iPHy_Q.mp4,,https://www.youtube.com/user/Daraya4Media,,,,,,,,,,,,,,,,,,,,,,,
CW_1009,Daraya,داريا,36.246869,33.452208,APPROXIMATE,08/21/13 12:00 AM,Casualties of chemical attack,مصابين بالغازات السامة في المشفى الميداني,Use of illegal weapons,,Daraya Popular Council,المجلس المحلي لمدينة داريا,https://files.syrianarchive.org/chemicalweapons/Damascus%20Countryside/داريا%2021-8-2013%20هام%20-%20عشرات%20المصابين%20في%20المشفى%20الميداني%20بالغازات%20السامة-6hlnurmAJHY.mp4,,https://www.youtube.com/user/Daraya4Media,,,,,,,,,,,,,,,,,,,,,,,
CW_1010,Daraya,داريا,36.246869,33.452208,APPROXIMATE,08/23/13 12:00 AM,Testimony on the chemical attack on Muaddamiyat al-Sham by man who lost his father and brother. Filmed 23 August 2013,شهادة رجل يتكلم عن القصف الكيماوي على معضمية الشام.,Use of illegal weapons,,Daraya Popular Council,المجلس المحلي لمدينة داريا,https://files.syrianarchive.org/chemicalweapons/Damascus%20Countryside/T000000141.mp4,,https://www.youtube.com/user/darayamedia80/,,,,,,,,,,,,,,,,,,,,,,,
CW_1011,Duma,دوما,36.401873,33.572677,APPROXIMATE,08/21/13 12:00 AM,,,Use of illegal weapons,,Duma Media Office,المكتب الإعلامي لمدينة دوما,https://files.syrianarchive.org/chemicalweapons/Damascus%20Countryside/%D8%AF%D9%88%D9%85%D8%A7%20-%20-%D8%A7%D9%84%D8%B4%D9%87%D8%AF%D8%A7%D8%A1%20%D9%88%D8%A7%D9%84%D8%A7%D8%B5%D8%A7%D8%A8%D8%A7%D8%AA%20%D8%AC%D8%B1%D8%A7%D8%A1%20%D8%A7%D9%84%D9%82%D8%B5%D9%81%20%D8%A8%D8%A7%D9%84%D8%BA%D8%A7%D8%B2%D8%A7%D8%AA%20%D8%A7%D9%84%D8%B3%D8%A7%D9%85%D8%A9-QCy6Fp0uAwo.mp4,,https://www.youtube.com/user/FREESYR153/,,,,,,,,,,,,,,,,,,,,,,,
CW_1012,Duma,دوما,36.401873,33.572677,APPROXIMATE,08/21/13 12:00 AM,Child casualties of chemical attack being treated in a field hospital in Duma.,اسعاف الأطفال المصابين بالغازات السامة نتيجة القصف الكيماوي. ,Use of illegal weapons,,Abdullah al-Shami who is acitizen journalist in Duma,عبد الله الشامي وهو مراسل ميداني في دوما,https://files.syrianarchive.org/chemicalweapons/Damascus%20Countryside/T000000150.mp4,,https://www.youtube.com/user/abullahaldoumany/featured,,,,,,,,,,,,,,,,,,,,,,,
CW_1013,Duma,دوما,36.401873,33.572677,APPROXIMATE,08/21/13 12:00 AM,"Child casualties of chemical attack on Saqba, Hammuriyah, Harasta and Ayn Tarma being treated in a field hospital in Duma.",يظهر الفيديو ضحايا الغازات السامة نتيجة القصف الكيماوي. يتكلم المصور عن القصف الكيماوي في سقبا، حمورية، حرستا وعين ترما.,Use of illegal weapons,,Fadi Abdullah who is a citizen journalist in Duma,فادي عبد الله مراسل ميداني في دوما,https://files.syrianarchive.org/chemicalweapons/Damascus%20Countryside/T000000152.mp4,,https://www.youtube.com/user/islamdoma,,,,,,,,,,,,,,,,,,,,,,,
CW_1014,Duma,دوما,36.401873,33.572677,APPROXIMATE,08/21/13 12:00 AM,Casualties of chemical attack in field hospital in Duma,اسعاف المصابين في دوما,Use of illegal weapons,,Duma Media Office,المكتب الإعلامي لمدينة دوما,https://files.syrianarchive.org/chemicalweapons/Damascus%20Countryside/T000000180.mp4,,https://www.youtube.com/user/FREESYR153/,,,,,,,,,,,,,,,,,,,,,,,
CW_1015,Duma,دوما,36.401873,33.572677,APPROXIMATE,08/21/13 12:00 AM,Casualties of chemical attack in field hospital in Duma,إسعاف المصابين بالغازات الكيماوية في مشافي دوما,Use of illegal weapons,,Free Duma Network,شبكة أحرار دوما,https://files.syrianarchive.org/chemicalweapons/Damascus%20Countryside/T000000187.MP4,,https://www.youtube.com/channel/UCv2Cf6lJJDiRf6FyBja7HBg,,,,,,,,,,,,,,,,,,,,,,,
CW_1016,Duma,دوما,36.401873,33.572677,APPROXIMATE,08/21/13 12:00 AM,Casualties of chemical attack in field hospital in Duma,إسعاف المصابين بالغازات الكيماوية في مشافي دوما,Use of illegal weapons,,Free Duma Network,شبكة أحرار دوما,https://files.syrianarchive.org/chemicalweapons/Damascus%20Countryside/T000000188.MP4,,https://www.youtube.com/channel/UCv2Cf6lJJDiRf6FyBja7HBg,,,,,,,,,,,,,,,,,,,,,,,
CW_1017,Duma,دوما,36.401873,33.572677,APPROXIMATE,08/23/13 12:00 AM,Interview with survivors of the chemical attack,مقابلة مع الناجين من القصف الكيماوي,Use of illegal weapons,,Fadi Abdullah who is a citizen journalist in Duma,فادي عبد الله مراسل ميداني في دوما,https://files.syrianarchive.org/chemicalweapons/Damascus%20Countryside/%D9%85%D9%82%D8%A7%D8%A8%D9%84%D8%A7%D8%AA%20%D9%85%D8%B9%20%20%D8%A7%D9%84%D9%85%D8%B5%D8%A7%D8%A8%D9%8A%D9%86%20%20%D8%A7%D9%84%D9%86%D8%A7%D8%AC%D9%8A%D9%86%20%D9%85%D9%86%20%D8%A7%D9%84%D9%82%D8%B5%D9%81%20%D8%A7%D9%84%D9%83%D9%8A%D9%85%D8%A7%D9%88%D9%8A%20%D9%81%D9%8A%20%D8%A7%D9%84%D8%BA%D9%88%D8%B7%D8%A9%20%D8%A7%D9%84%D8%B4%D8%B1%D9%82%D9%8A%D8%A9-SBRyGdGPEt0.mp4,,https://www.youtube.com/user/islamdoma,,,,,,,,,,,,,,,,,,,,,,,
CW_1018,Duma,دوما,36.401873,33.572677,APPROXIMATE,08/21/13 12:00 AM,Dozens of seriously injured as a result of the chemical attack,عشرات الإصابات الخطيرة نتيجة القصف بالمواد الكيماوية,Use of illegal weapons,,Nidaa Al Sham Media Association,مؤسسة نداء شام الاعلامية,https://files.syrianarchive.org/chemicalweapons/Damascus%20Countryside/%D9%86%D8%AF%D8%A7%D8%A1%20%D8%A7%D9%84%D8%B4%D8%A7%D9%85%20_%20%D8%A7%D9%84%D8%BA%D9%88%D8%B7%D8%A9%20_%20(%D9%87%D8%A7%D8%A7%D8%A7%D8%A7%D9%85%20%D9%88%D8%AE%D8%B7%D9%8A%D8%B1)%20%D8%B9%D8%B4%D8%B1%D8%A7%D8%AA%20%D8%A7%D9%84%D8%A5%D8%B5%D8%A7%D8%A8%D8%A7%D8%AA%20%D8%A7%D9%84%D8%AE%D8%B7%D9%8A%D8%B1%D8%A9%20%D9%86%D8%AA%D9%8A%D8%AC%D8%A9%20%D8%A7%D9%84%D9%82%D8%B5%D9%81%20%D8%A8%D8%A7%D9%84%D9%85%D9%88%D8%A7%D8%AF%20%D8%A7%D9%84%D9%83%D9%8A%D9%85%D8%A7%D9%88%D9%8A%D8%A9%202013_8_21-JTJUkNK8xI8.mp4,,https://www.youtube.com/channel/UCwys1qb9xybJ1bwCYipwomw,,,,,,,,,,,,,,,,,,,,,,,
CW_1019,Duma,دوما,36.401873,33.572677,APPROXIMATE,08/21/13 12:00 AM,One of the casualties of the chemical attack,اسعاف احد المصابين بالغازات الكيماوية,Use of illegal weapons,,Nidaa Al Sham Media Association,مؤسسة نداء شام الاعلامية,https://files.syrianarchive.org/chemicalweapons/Damascus%20Countryside/%D9%86%D8%AF%D8%A7%D8%A1%20%D8%A7%D9%84%D8%B4%D8%A7%D9%85%20_%20%D8%AF%D9%88%D9%85%D8%A7%20_%20%D8%A7%D9%84%D9%83%D8%A7%D8%AF%D8%B1%20%D8%A7%D9%84%D8%B7%D8%A8%D9%8A%20%D8%A3%D8%AB%D9%86%D8%A7%D8%A1%20%D9%82%D9%8A%D8%A7%D9%85%D9%87%20%D8%A8%D9%85%D8%B9%D8%A7%D9%84%D8%AC%D8%A9%20%D8%A7%D9%84%D9%85%D8%B5%D8%A7%D8%A8%D9%8A%D9%86%20%D8%A8%D8%A7%D9%84%D8%BA%D8%A7%D8%B2%20%D8%A7%D9%84%D9%83%D9%8A%D9%85%D8%A7%D9%88%D9%8A%202013_8_21-wISKzpsGqI8.mp4,,https://www.youtube.com/channel/UCwys1qb9xybJ1bwCYipwomw,,,,,,,,,,,,,,,,,,,,,,,
CW_1127,Duma,دوما,36.401873,33.572677,APPROXIMATE,08/21/13 12:00 AM,Casualties of chemical attack,ضحايا القصف الكيماوي,Use of illegal weapons,,Abdullah al-Shami who is acitizen journalist in Duma,عبد الله الشامي وهو مراسل ميداني في دوما,https://files.syrianarchive.org/chemicalweapons/Damascus%20Countryside/%D9%84%D8%AD%D8%B8%D8%A7%D8%AA%20%D8%A7%D9%84%D9%85%D9%88%D8%AA%20%D8%A8%D8%A7%D9%84%D8%B3%D9%84%D8%A7%D8%AD%20%D8%A7%D9%84%D9%83%D9%8A%D9%85%D8%A7%D9%88%D9%8A%20...%20%D9%85%D8%AF%D9%8A%D9%86%D8%A9%20%D8%AF%D9%88%D9%85%D8%A7-daDtPb8epGU.mp4,,https://www.youtube.com/user/abullahaldoumany,,,,,,,,,,,,,,,,,,,,,,,
CW_1135,Duma,دوما,36.401873,33.572677,APPROXIMATE,08/21/13 12:00 AM,Casualty of chemical attack,إحدى إصابات الكيماوي,Use of illegal weapons,,Nidaa Al Sham Media Association,مؤسسة نداء شام الاعلامية,https://files.syrianarchive.org/chemicalweapons/Damascus%20Countryside/%D9%86%D8%AF%D8%A7%D8%A1%20%D8%A7%D9%84%D8%B4%D8%A7%D9%85%20_%20%D8%A3%D8%AD%D8%AF%20%D8%A7%D9%84%D9%85%D8%B5%D8%A7%D8%A8%D9%8A%D9%86%20%D8%A8%D8%A7%D9%84%D9%85%D9%88%D8%A7%D8%AF%20%D8%A7%D9%84%D9%83%D9%8A%D9%85%D8%A7%D9%88%D9%8A%D8%A9%2021-8-2013-frmmOk1xATM.mp4,,https://www.youtube.com/channel/UCwys1qb9xybJ1bwCYipwomw,,,,,,,,,,,,,,,,,,,,,,,
CW_1136,Duma,دوما,36.401873,33.572677,APPROXIMATE,08/21/13 12:00 AM,Casualties of chemical attack,ضحايا القصف الكيماوي,Use of illegal weapons,,Nidaa Al Sham Media Association,مؤسسة نداء شام الاعلامية,https://files.syrianarchive.org/chemicalweapons/Damascus%20Countryside/%D9%86%D8%AF%D8%A7%D8%A1%20%D8%A7%D9%84%D8%B4%D8%A7%D9%85%20_%20%D8%A7%D9%84%D8%BA%D9%88%D8%B7%D8%A9%20_%20'%D9%85%D8%A4%D8%AB%D8%B1'%20%D8%A3%D8%AD%D8%AF%20%D8%A7%D9%84%D9%85%D8%B5%D8%A7%D8%A8%D9%8A%D9%86%20%D9%88%D9%87%D9%88%20%D9%8A%D9%86%D8%B7%D9%82%20%D8%A7%D9%84%D8%B4%D9%87%D8%A7%D8%AF%D8%A9%20%D8%A8%D8%B9%D8%AF%20%D8%A5%D8%B3%D8%AA%D9%86%D8%B4%D8%A7%D9%82%D9%87%20%D9%84%D9%84%D8%BA%D8%A7%D8%B2%D8%A7%D8%AA%20%D8%A7%D9%84%D8%B3%D8%A7%D9%85%D8%A9%202013_8_21-q4KggDHXDfU.mp4,,https://www.youtube.com/channel/UCwys1qb9xybJ1bwCYipwomw,,,,,,,,,,,,,,,,,,,,,,,
CW_1137,Duma,دوما,36.401873,33.572677,APPROXIMATE,08/21/13 12:00 AM,Symptoms of those injured in the chemical attack,اعراض الاصابات بالغاز السام على المدنيين,Use of illegal weapons,,Nidaa Al Sham Media Association,مؤسسة نداء شام الاعلامية,https://files.syrianarchive.org/chemicalweapons/Damascus%20Countryside/%D9%86%D8%AF%D8%A7%D8%A1%20%D8%A7%D9%84%D8%B4%D8%A7%D9%85%20_%20%D8%A7%D9%84%D8%BA%D9%88%D8%B7%D8%A9%20_%20(%D9%87%D8%A7%D8%A7%D8%A7%D8%A7%D9%85%20%D8%AC%D8%AF%D8%A7%D9%8B)%20%D8%A5%D8%B5%D8%A7%D8%A8%D8%A7%D8%AA%20%D9%88%D8%AD%D8%A7%D9%84%D8%A7%D8%AA%20%D8%A5%D8%AE%D8%AA%D9%84%D8%A7%D8%AC%20%D9%88%D9%85%D8%B5%D8%A7%D8%A8%D9%88%D9%86%20%D9%8A%D9%86%D8%B7%D9%82%D9%88%D9%86%20%D8%A7%D9%84%D8%B4%D9%87%D8%A7%D8%AF%D8%A9%20%D8%A8%D8%A2%D8%AE%D8%B1%20%D9%84%D8%AD%D8%B8%D8%A7%D8%AA%20%D8%AD%D9%8A%D8%A7%D8%AA%D9%87%D9%85-Fl0RyY1l3zU.mp4,,https://www.youtube.com/channel/UCwys1qb9xybJ1bwCYipwomw,,,,,,,,,,,,,,,,,,,,,,,
CW_1138,Duma,دوما,36.401873,33.572677,APPROXIMATE,08/21/13 12:00 AM,Symptoms of children injured in the chemical attack,اعراض الاصابات بالغاز السام على الأطفال,Use of illegal weapons,,Nidaa Al Sham Media Association,مؤسسة نداء شام الاعلامية,https://files.syrianarchive.org/chemicalweapons/Damascus%20Countryside/%D9%86%D8%AF%D8%A7%D8%A1%20%D8%A7%D9%84%D8%B4%D8%A7%D9%85%20_%20%D8%A7%D9%84%D8%BA%D9%88%D8%B7%D8%A9%20_%20(%D9%87%D8%A7%D8%A7%D8%A7%D8%A7%D9%85%20%D8%AC%D8%AF%D8%A7%D9%8B)%20%D8%AD%D8%A7%D9%84%D8%A7%D8%AA%20%D8%A7%D9%84%D8%A5%D8%AE%D8%AA%D9%84%D8%A7%D8%AC%20%D9%84%D8%AF%D9%89%20%D8%A7%D9%84%D8%A3%D8%B7%D9%81%D8%A7%D9%84%20%D8%A7%D9%84%D8%B1%D8%B6%D8%B9%20%D9%86%D8%AA%D9%8A%D8%AC%D8%A9%20%D8%A5%D8%B3%D8%AA%D9%86%D8%B4%D8%A7%D9%82%D9%87%D9%85%20%D9%84%D9%84%D8%BA%D8%A7%D8%B2%20%D8%A7%D9%84%D9%83%D9%8A%D9%85%D8%A7%D9%88%D9%8A-hfN8cHOHACY.mp4,,https://www.youtube.com/channel/UCwys1qb9xybJ1bwCYipwomw,,,,,,,,,,,,,,,,,,,,,,,
CW_1090,Duma,دوما,36.3510736,33.5261956,APPROXIMATE,08/21/13 12:00 AM,Dozens of dead as a result of chemical attack,عشرات الشهداء نتيجة قصف بغاز السارين,Use of illegal weapons,,Abdullah al-Shami who is acitizen journalist in Duma,عبد الله الشامي وهو مراسل ميداني في دوما,https://files.syrianarchive.org/chemicalweapons/Damascus%20Countryside/دوما%20-%20عشرات%20الشهداء%20نتيجة%20قصف%20الأسد%20كيماوي%20السارين%20على%20زملكا-KTSVC-FrQzw.mp4,,https://www.youtube.com/user/abullahaldoumany/featured,,,,,,,,,,,,,,,,,,,,,,,
CW_1020,Erbin,عربين,36.365787,33.538893,APPROXIMATE,08/20/13 12:00 AM,One of the casualties of the chemical attack,أحد المصابين بالغازات السامة,Use of illegal weapons,,Erbin Hospital,مشفى عربين,https://files.syrianarchive.org/chemicalweapons/Damascus%20Countryside/%D8%A3%D8%AD%D8%AF%20%D8%A7%D9%84%D9%85%D8%B5%D8%A7%D8%A8%D9%8A%D9%86%20%D8%A8%D8%A7%D9%84%D8%BA%D8%A7%D8%B2%D8%A7%D8%AA%20%D8%A7%D9%84%D8%B3%D8%A7%D9%85%D8%A9-ptm06NEmUrw.mp4,,https://www.youtube.com/channel/UC1R6zL1yreMHwLoVDgU28gQ,,,,,,,,,,,,,,,,,,,,,,,
CW_1021,Erbin,عربين,36.365787,33.538893,APPROXIMATE,08/21/13 12:00 AM,,,Use of illegal weapons,,Unified Media Office in Erbin,المكتب الاعلامي الموحد عربين,https://files.syrianarchive.org/chemicalweapons/Damascus%20Countryside/%D8%B3%D8%A7%D8%B9%D8%AF%D9%86%D9%8A%20%D8%B9%D9%85%D9%88%20%20%20%20%D8%A3%D9%86%D8%A7%20%D8%B9%D8%A7%D9%8A%D8%B4%D8%A9%20!!%20%D8%B5%D8%B1%D8%AE%D8%A9%20%D8%A3%D9%85%D9%84%20%D9%85%D9%86%20%D8%A3%D8%AD%D8%AF%D9%89%20%D8%A7%D9%84%D8%A3%D8%B7%D9%81%D8%A7%D9%84%20%D8%A7%D9%84%D9%86%D8%A7%D8%AC%D9%8A%D9%86%20%D9%85%D9%86%20%D8%A7%D9%84%D9%82%D8%B5%D9%81%20%D8%A7%D9%84%D9%83%D9%8A%D9%85%D8%A7%D9%88%D9%8A%20%D8%A8%D8%B9%D8%AF%20%D9%81%D9%82%D8%AF%D8%A7%D9%86%20%D8%A3%D9%87%D9%84%D9%87%D8%A7%20%23%20%D8%A7%D9%84%D8%BA%D9%88-ZepXGT7om6c.mp4,,https://www.youtube.com/user/umoerbeen,,,,,,,,,,,,,,,,,,,,,,,
CW_1022,Erbin,عربين,36.365787,33.538893,APPROXIMATE,08/21/13 12:00 AM,Testimony of the Head of the Medical Council in Erbin,شهادة رئيس المجلس الطبي في مدينة عربين,Use of illegal weapons,,Unified Media Office in Erbin,المكتب الاعلامي الموحد عربين,https://files.syrianarchive.org/chemicalweapons/Damascus%20Countryside/%D8%B4%D9%87%D8%A7%D8%AF%D8%A9%20%D8%B1%D8%A6%D9%8A%D8%B3%20%D8%A7%D9%84%D9%85%D8%AC%D9%84%D8%B3%20%D8%A7%D9%84%D8%B7%D8%A8%D9%8A%20%D9%81%D9%8A%20%D9%85%D8%AF%D9%8A%D9%86%D8%A9%20%D8%B9%D8%B1%D8%A8%D9%8A%D9%86%20%D9%84%D9%85%D8%AC%D8%B2%D8%B1%D8%A9%20%D8%A7%D9%84%D9%83%D9%8A%D9%85%D8%A7%D9%88%D9%8A%202013%20HD-a1gznSipapg.mp4,,https://www.youtube.com/user/umoerbeen,,,,,,,,,,,,,,,,,,,,,,,
CW_1023,Erbin,عربين,36.365787,33.538893,APPROXIMATE,08/21/13 12:00 AM,Child casualty in one of the field hospitals,اسعاف طفل في احدى المشافي الميدانية,Use of illegal weapons,,Unified Media Office in Erbin,المكتب الاعلامي الموحد عربين,https://files.syrianarchive.org/chemicalweapons/Damascus%20Countryside/%D8%B9%D8%B1%D8%A8%D9%8A%D9%86%20%23%20%D9%85%D8%AD%D8%A7%D9%88%D9%84%D8%A9%20%D8%A3%D9%86%D9%82%D8%A7%D8%B0%20%D8%AD%D9%8A%D8%A7%D8%A9%20%D8%A3%D8%AD%D8%AF%20%D8%A7%D9%84%D8%A7%D8%B7%D9%81%D8%A7%D9%84%20%D8%A7%D9%84%D9%85%D8%B5%D8%A7%D8%A8%D9%8A%D9%86%20%D8%A8%D8%A7%D9%84%D8%B3%D9%84%D8%A7%D8%AD%20%D8%A7%D9%84%D9%83%D9%8A%D9%85%D8%A7%D9%88%D9%8A%20%D9%81%D9%8A%20%D8%A7%D8%AD%D8%AF%20%D8%A7%D9%84%D9%85%D8%B4%D8%A7%D9%81%D9%8A%20%D8%A7%D9%84%D9%85%D9%8A%D8%AF%D8%A7%D9%86%D9%8A%D8%A9%2021%208%202013-NnsNq4DC7II.mp4,,https://www.youtube.com/user/umoerbeen,,,,,,,,,,,,,,,,,,,,,,,
CW_1024,Erbin,عربين,36.365787,33.538893,APPROXIMATE,08/21/13 12:00 AM,Casualties of chemical attack in Erbin,ضحايا الهجمات الكيماوية على عربين,Use of illegal weapons,,Unified Media Office in Erbin,المكتب الاعلامي الموحد عربين,https://files.syrianarchive.org/chemicalweapons/Damascus%20Countryside/%D9%85%D8%A4%D8%AB%D8%B1%20%D8%AC%D9%80%D9%80%D9%80%D8%AF%D8%A7%D8%A7%D8%A7%D8%A7%20%20%20%D9%85%D8%AC%D8%B2%D8%B1%D8%A9%20%D8%A7%D9%84%D9%83%D9%8A%D9%85%D9%80%D8%A7%D9%88%D9%8A%20%D9%81%D9%80%D9%8A%20%D8%A7%D9%84%D8%BA%D9%88%D8%B7%D9%80%D8%A9%20%D8%A7%D9%84%D8%B4%D8%B1%D9%82%D9%8A%D9%80%D9%80%D8%A9%20%D9%88%D8%B5%D9%85%D9%80%D8%A9%20%D8%B9%D9%80%D9%80%D8%A7%D8%B1%20%D8%B9%D9%84%D9%80%D9%89%20%D8%AC%D8%A8%D9%8A%D9%80%D9%86%20%D8%A7%D9%84%D8%A5%D9%86%D8%B3%D8%A7%D9%86%D9%8A%D9%80%D8%A9-RVD3yF7qkzE.mp4,,https://www.youtube.com/user/umoerbeen,,,,,,,,,,,,,,,,,,,,,,,
CW_1025,Erbin,عربين,36.365787,33.538893,APPROXIMATE,08/21/13 12:00 AM,Dozens of children injured in the chemical attack,إسعاف أطفال أصيبوا لتعرضهم للغازات الكيماوية نتيجة القصف الكيماوي,Use of illegal weapons,,Unified Media Office in Erbin,المكتب الاعلامي الموحد عربين,https://files.syrianarchive.org/chemicalweapons/Damascus%20Countryside/T000000155.mp4,,https://www.youtube.com/user/umoerbeen,,,,,,,,,,,,,,,,,,,,,,,
CW_1026,Erbin,عربين,36.365787,33.538893,APPROXIMATE,08/21/13 12:00 AM,Two children injured in the chemical attack,اسعاف طفلين جراء إصابتهم بالغازات الكيماوية نتيجة القصف الكيماوي,Use of illegal weapons,,Erbin City Coordinating Committee,تنسيقية مدينة عربين,https://files.syrianarchive.org/chemicalweapons/Damascus%20Countryside/T000000157.mp4,,https://www.facebook.com/ErbinCity2014/timeline,,,,,,,,,,,,,,,,,,,,,,,
CW_1027,Erbin,عربين,36.365787,33.538893,APPROXIMATE,08/22/13 12:00 AM,Testimony about the chemical attack,شاهد على القصف الكيماوي في دمشق,Use of illegal weapons,,Erbin City Coordinating Committee,تنسيقية مدينة عربين,https://files.syrianarchive.org/chemicalweapons/Damascus%20Countryside/T000000164copy.mp4,,https://www.youtube.com/channel/UCQNiFVP0l9kVaglJQ7jGHkg,,,,,,,,,,,,,,,,,,,,,,,
CW_1028,Erbin,عربين,36.365787,33.538893,APPROXIMATE,08/21/13 12:00 AM,Casualties of chemical attack,إصابات نتيجة القصف بالسلاح الكيماوي,Use of illegal weapons,,Unified Media Office in Erbin,المكتب الإعلامي الموحد عربين,https://files.syrianarchive.org/chemicalweapons/Damascus%20Countryside/T000000165.mp4,,https://www.youtube.com/user/umoerbeen,,,,,,,,,,,,,,,,,,,,,,,
CW_1029,Erbin,عربين,36.365787,33.538893,APPROXIMATE,08/21/13 12:00 AM,Casualties of chemical attack,إصابات نتيجة القصف بالسلاح الكيماوي,Use of illegal weapons,,Erbin City Coordinating Committee,تنسيقية مدينة عربين,https://files.syrianarchive.org/chemicalweapons/Damascus%20Countryside/T000000181.mp4,,https://www.youtube.com/channel/UCQNiFVP0l9kVaglJQ7jGHkg,,,,,,,,,,,,,,,,,,,,,,,
CW_1030,Erbin,عربين,36.365787,33.538893,APPROXIMATE,08/21/13 12:00 AM,Casualties of chemical attack,إصابات نتيجة القصف بالسلاح الكيماوي,Use of illegal weapons,,Erbin City Coordinating Committee,تنسيقية مدينة عربين,https://files.syrianarchive.org/chemicalweapons/Damascus%20Countryside/T000000183.mp4,,https://www.youtube.com/channel/UCQNiFVP0l9kVaglJQ7jGHkg,,,,,,,,,,,,,,,,,,,,,,,
CW_1031,Erbin,عربين,36.365787,33.538893,APPROXIMATE,08/21/13 12:00 AM,Casualties of chemical attack,إصابات نتيجة القصف بالسلاح الكيماوي,Use of illegal weapons,,Erbin City Coordinating Committee,تنسيقية مدينة عربين,https://files.syrianarchive.org/chemicalweapons/Damascus%20Countryside/T000000185.mp4,,https://www.youtube.com/channel/UCfMnrc-v5i_cieu14Gy5Mhw,,,,,,,,,,,,,,,,,,,,,,,
CW_1032,Erbin,عربين,36.365787,33.538893,APPROXIMATE,08/21/13 12:00 AM,Casualties of chemical attack,إصابات نتيجة القصف بالسلاح الكيماوي,Use of illegal weapons,,Erbin City Coordinating Committee,تنسيقية مدينة عربين,https://files.syrianarchive.org/chemicalweapons/Damascus%20Countryside/T000000186.mp4,,https://www.youtube.com/channel/UCfMnrc-v5i_cieu14Gy5Mhw,,,,,,,,,,,,,,,,,,,,,,,
CW_1122,Erbin,عربين,36.365787,33.538893,APPROXIMATE,08/21/13 12:00 AM,Doctor explains the symptoms of civilian injured in the chemical attack,طبيب يشرح أحد الإصابات بغاز السارين,Use of illegal weapons,,Erbin City Coordinating Committee,تنسيقية مدينة عربين,https://files.syrianarchive.org/chemicalweapons/Damascus%20Countryside/T000000123.mp4,,https://www.youtube.com/channel/UCfMnrc-v5i_cieu14Gy5Mhw,,,,,,,,,,,,,,,,,,,,,,,
CW_1120,Erbin,عربين,36.365787,33.538893,APPROXIMATE,08/21/13 12:00 AM,Child casualties of the chemical attack,اسعاف المصابين من الاطفال الذين تعرضوا للقصف الكيماوي,Use of illegal weapons,,Erbeeni who is a citizen journalist in Erbin,مراسل ميداني في عربين,https://files.syrianarchive.org/chemicalweapons/Damascus%20Countryside/%D9%87%D8%A7%D8%A7%D8%A7%D9%85%20-%20%D8%A7%D9%84%D8%A7%D8%B5%D8%A7%D8%A8%D8%A7%D8%AA%20%D8%A8%D9%8A%D9%86%20%D8%A7%D9%84%D8%A7%D8%B7%D9%81%D8%A7%D9%84%20%D9%88%D8%A7%D9%84%D9%86%D8%B3%D8%A7%D8%A1%20%D8%AC%D8%B1%D8%A7%D8%A1%20%D8%A7%D9%84%D9%82%D8%B5%D9%81%20%D8%A7%D9%84%D8%A7%D8%B3%D9%84%D8%AD%D8%A9%20%D8%A7%D9%84%D9%8A%D9%83%D9%85%D8%A7%D9%88%D9%8A%D8%A9%D8%B9%D9%84%D9%89%20%D8%A7%D9%84%D8%BA%D9%88%D8%B7%D8%A9%20%D8%A7%D9%84%D8%B4%D8%B1%D9%82%D9%8A%D8%A9%20%2021-8-2013-xfTKTlf4-Dg.mp4,,https://www.youtube.com/channel/UCr0XtWlKwpfpxYoLkHzKoxw,,,,,,,,,,,,,,,,,,,,,,,
CW_1121,Erbin,عربين,36.365787,33.538893,APPROXIMATE,08/21/13 12:00 AM,Child casualties of the chemical attack,اسعاف المصابين من الاطفال الذين تعرضوا للقصف الكيماوي,Use of illegal weapons,,Erbeeni who is a citizen journalist in Erbin,مراسل ميداني في عربين,https://files.syrianarchive.org/chemicalweapons/Damascus%20Countryside/%D9%87%D8%A7%D8%A7%D8%A7%D9%85%20-%20%D8%A7%D9%84%D8%A7%D8%B5%D8%A7%D8%A8%D8%A7%D8%AA%20%D8%A8%D9%8A%D9%86%20%D8%A7%D9%84%D8%A7%D8%B7%D9%81%D8%A7%D9%84%20%D9%88%D8%A7%D9%84%D9%86%D8%B3%D8%A7%D8%A1%20%D8%AC%D8%B1%D8%A7%D8%A1%20%D8%A7%D9%84%D9%82%D8%B5%D9%81%20%D8%A7%D9%84%D8%A7%D8%B3%D9%84%D8%AD%D8%A9%20%D8%A7%D9%84%D9%8A%D9%83%D9%85%D8%A7%D9%88%D9%8A%D8%A9%2021-8-2013-PXwS4_E3OQE.mp4,,https://www.youtube.com/channel/UCr0XtWlKwpfpxYoLkHzKoxw,,,,,,,,,,,,,,,,,,,,,,,
CW_1134,Erbin,عربين,36.365787,33.538893,APPROXIMATE,08/21/13 12:00 AM,,,Use of illegal weapons,,Erbin City Coordinating Committee,,https://files.syrianarchive.org/chemicalweapons/Damascus%20Countryside/T000000184.mp4,,,,,,,,,,,,,,,,,,,,,,,,,
CW_1033,Harasta,حرستا,36.36672,33.566963,APPROXIMATE,08/21/13 12:00 AM,,,Use of illegal weapons,,"Amjd Hasan, citizen journalist in Harasta Media Center",أمجد حسن مراسل المكتب الإعلامي في حرستا,https://files.syrianarchive.org/chemicalweapons/Damascus%20Countryside/حرستا%20_%20الإختلاجات%20نتيجة%20القصف%20الكيماوي%20على%20إحدى%20الإصابات21-8-2013-FAIvWw-Mt7k.mp4,,https://www.youtube.com/user/HarastaVideos,,,,,,,,,,,,,,,,,,,,,,,
CW_1034,Harasta,حرستا,36.36672,33.566963,APPROXIMATE,08/21/13 12:00 AM,"Testimony of one of the injured: ""My throat is dry, I can't open my eyes.""",مصاب بالغازات الكيماوية التي سقطت على الغوطة الشرقية. يتكلم المصاب عن الحالة التي يشعربها بعد الإصابة من غباش في الرؤيا وأعراض التعرض للكيماوي,Use of illegal weapons,,"Amjd Hasan, citizen journalist in Harasta Media Center",أمجد حسن مراسل المكتب الإعلامي في حرستا,https://files.syrianarchive.org/chemicalweapons/Damascus%20Countryside/T000000148.mp4,,https://www.youtube.com/user/HarastaVideos/,,,,,,,,,,,,,,,,,,,,,,,
CW_1035,Harasta,حرستا,36.36672,33.566963,APPROXIMATE,08/21/13 12:00 AM,Women and children injured by the chemical attack,الإصابات في صفوف النساء و الأطفال نتيجة القصف بالكيماوي وطفلة تشرح ما تشعر به من أعراض,Use of illegal weapons,,"Amjd Hasan, citizen journalist in Harasta Media Center",أمجد حسن مراسل المكتب الإعلامي في حرستا,https://files.syrianarchive.org/chemicalweapons/Damascus%20Countryside/T000000148.mp4,,https://www.youtube.com/user/HarastaVideos/,,,,,,,,,,,,,,,,,,,,,,,
CW_1036,Harasta,حرستا,36.36672,33.566963,APPROXIMATE,08/21/13 12:00 AM,Casualties of the chemical attack in the Harasta field hospital.,استقبال المصابين بالغاز الكيماوي في المكتب الطبي لمدينة حرستا,Use of illegal weapons,,"Amjd Hasan, citizen journalist in Harasta Media Center",أمجد حسن مراسل المكتب الإعلامي في حرستا,https://files.syrianarchive.org/chemicalweapons/Damascus%20Countryside/T000000154.mp4,,https://www.youtube.com/user/HarastaVideos/,,,,,,,,,,,,,,,,,,,,,,,
CW_1037,Harasta,حرستا,36.36672,33.566963,APPROXIMATE,08/21/13 12:00 AM,Body of one of the victims of the chemical attack in Harasta medical office.,أثار التعرض للغاز الكيماوي على جسم المتوفي الموجود في المكتب الطبي لمدينة حرستا.,Use of illegal weapons,,"Amjd Hasan, citizen journalist in Harasta Media Center",أمجد حسن مراسل المكتب الإعلامي في حرستا,https://files.syrianarchive.org/chemicalweapons/Damascus%20Countryside/T000000159.mp4,,https://www.youtube.com/user/HarastaVideos/,,,,,,,,,,,,,,,,,,,,,,,
CW_1038,Harasta,حرستا,36.36672,33.566963,APPROXIMATE,08/21/13 12:00 AM,Body of one of the victims of the chemical attack in Harasta medical office.,أثار الإصابة بالغاز الكيماوي على مصاب شاب. يلاحظ تضيق الحدقات لدى المصابين وخروج سائل يغطي العينين. فحص الشاب في المكتب الطبي لمدينة حرستا. ,Use of illegal weapons,,"Amjd Hasan, citizen journalist in Harasta Media Center",أمجد حسن مراسل المكتب الإعلامي في حرستا,https://files.syrianarchive.org/chemicalweapons/Damascus%20Countryside/T000000160.mp4,,https://www.youtube.com/user/HarastaVideos/,,,,,,,,,,,,,,,,,,,,,,,
CW_1129,Hazzah,حزة,36.3647745,33.5188698,APPROXIMATE,08/21/13 12:00 AM,Casualty of chemical attack,ضحايا الهجمات الكيماوية,Use of illegal weapons,,Hazzeh Coordinating Committee,تنسيقية حزة,https://files.syrianarchive.org/chemicalweapons/Damascus%20Countryside/%D9%85%D8%AC%D8%B2%D8%B1%D8%A9%20%D8%A7%D9%84%D9%83%D9%8A%D9%85%D8%A7%D9%88%D9%8A21-8-2013-k8gIvedK5k0.mp4,,https://www.youtube.com/channel/UCocToVgcZSVozEfjh1ucvFw,,,,,,,,,,,,,,,,,,,,,,,
CW_1039,Jobar,جوبر,36.336808,33.531162,APPROXIMATE,08/21/13 12:00 AM,"Casualties of the chemical attack including children
",إصابة أطفال و مدنيين جراء القصف الكيماوي,Use of illegal weapons,,Jobar Media Center,المكتب الإعلامي في جوبر,https://files.syrianarchive.org/chemicalweapons/Damascus%20Countryside/دمشق%20جوبر%20إصابة%20أطفال%20و%20مدنيين%20جراء%20استخدام%20الكيماوي%20فجر%20اليوم%2021%2008%202013-x2snJA2WM0s.mp4,,https://www.youtube.com/channel/UCUMscJjw6P0TzdBiEb-Xl6g,,,,,,,,,,,,,,,,,,,,,,,
CW_1040,Jobar,جوبر,36.336808,33.531162,APPROXIMATE,08/20/14 12:00 AM,Testimony of doctor in one of the field hospitals,طبيب ميداني يوضح وضع الحالات التي أصيبت بالغازات السامة,Use of illegal weapons,,Medical Office of The Capital Damascus,المكتب الطبي للعاصمة دمشق,https://files.syrianarchive.org/chemicalweapons/Damascus%20Countryside/دمشق%20-%20جوبر%20طبيب%20ميداني%20يوضح%20وضع%20الحالات%20التي%20أصيبت%20بالغازات%20السامة%2020-8-2014--Qd4WLR1mEw.mp4,,https://www.youtube.com/user/UMODQ,,,,,,,,,,,,,,,,,,,,,,,
CW_1041,Jobar,جوبر,36.336808,33.531162,APPROXIMATE,08/20/14 12:00 AM,"Casualties of the chemical attack
",فيديو يظهر ضحايا القصف الكيماوي,Use of illegal weapons,,Medical Office of The Capital Damascus,المكتب الطبي للعاصمة دمشق,https://files.syrianarchive.org/chemicalweapons/Damascus%20Countryside/دمشق%20-%20جوبر%20قصف%20بالغازات%20السامة%20ووقوع%20شهداء%20بين%20المصابين%2020-8-2014-pbvtCCCI6S4.mp4,,https://www.youtube.com/user/UMODQ,,,,,,,,,,,,,,,,,,,,,,,
CW_1042,Jobar,جوبر,36.336808,33.531162,APPROXIMATE,08/21/13 12:00 AM,The video shows the victims of the chemical attack happened in Jobar. The video was recorded in a place where are being rescued and treated.,يظهر الفيديو ضحايا القصف الكيماوي في جوبر بريف دمشق,Use of illegal weapons,,HAMMORIAFOREVER who is a citizen journalist from the united media offices in Eastern Ghouta,مراسل من اتحاد المكاتب الإعلامية في الغوطة الشرقية,https://files.syrianarchive.org/chemicalweapons/Damascus%20Countryside/T000000125.mp4,,https://www.youtube.com/user/HAMMORIAFOREVER/,,,,,,,,,,,,,,,,,,,,,,,
CW_1043,Jobar,جوبر,36.336808,33.531162,APPROXIMATE,08/21/13 12:00 AM,The video shows the victims of the chemical attack happened in Jobar including children.,يظهر الفيديو ضحايا أطفال، نساء وشبان بسبب تعرضعم للغازات السامة نتيجة القصف الكيماوي,Use of illegal weapons,,"Hamouda Syria, citizen journalist in Jobar",مراسل ميداني حمودة سوريا,https://files.syrianarchive.org/chemicalweapons/Damascus%20Countryside/T000000126.mp4,,https://www.youtube.com/user/princesyria100/,,,,,,,,,,,,,,,,,,,,,,,
CW_1044,Jobar,جوبر,36.336808,33.531162,APPROXIMATE,08/21/13 12:00 AM,"The video shows children and adults victims as a result of a chemical attack in Jobar, Damascus.",يظهر الفيديو ضحايا أطفال، وشبان بسبب تعرضعم للغازات السامة نتيجة القصف الكيماوي,Use of illegal weapons,,"Hamouda Syria, citizen journalist in Jobar",مراسل ميداني حمودة سوريا,https://files.syrianarchive.org/chemicalweapons/Damascus%20Countryside/T000000127.mp4,,https://www.youtube.com/user/princesyria100/,,,,,,,,,,,,,,,,,,,,,,,
CW_1045,Jobar,جوبر,36.336808,33.531162,APPROXIMATE,08/21/13 12:00 AM,"The video shows children and adults victims of the chemical attack in Jobar, Damascus Countryside",يظهر الفيديو ضحايا أطفال، وشبان بسبب تعرضعم للغازات السامة نتيجة القصف الكيماوي على جوبر,Use of illegal weapons,,"Hamouda Syria, citizen journalist in Jobar",مراسل ميداني حمودة سوريا,https://files.syrianarchive.org/chemicalweapons/Damascus%20Countryside/T000000129.mp4,,https://www.youtube.com/user/princesyria100/,,,,,,,,,,,,,,,,,,,,,,,
CW_1046,Jobar,جوبر,36.336808,33.531162,APPROXIMATE,08/21/13 12:00 AM,"The video shows children and adults victims of the chemical attack in Jobar, Damascus Countryside",يظهر الفيديو ضحايا أطفال، وشبان بسبب تعرضعم للغازات السامة نتيجة القصف الكيماوي على جوبر,Use of illegal weapons,,"HAMMORIAFOREVER, citizen journalist from the united media offices in Eastern Ghouta",مراسل من اتحاد المكاتب الإعلامية في الغوطة الشرقية,https://files.syrianarchive.org/chemicalweapons/Damascus%20Countryside/T000000130.mp4,,https://www.youtube.com/user/HAMMORIAFOREVER/,,,,,,,,,,,,,,,,,,,,,,,
CW_1130,Jobar,جوبر,36.336808,33.531162,APPROXIMATE,08/21/13 12:00 AM,The video shows an infant victim of a chemical attack being treated and shows adult victims of the chemical attack.,حالات اختناق لأطفال نتيجة تعرضهم للإصابة بالغاز الكيماوي,Use of illegal weapons,,"HAMMORIAFOREVER, citizen journalist from the united media offices in Eastern Ghouta",مراسل من اتحاد المكاتب الإعلامية في الغوطة الشرقية,https://files.syrianarchive.org/chemicalweapons/Damascus%20Countryside/T000000128.mp4,,https://www.youtube.com/user/HAMMORIAFOREVER/,,,,,,,,,,,,,,,,,,,,,,,
CW_1047,Kafar Batna,كفر بطنا,36.373479,33.514295,APPROXIMATE,08/21/13 12:00 AM,,مصابين نتيجة القصف الكيماوي على عين ترما و زملكا,Use of illegal weapons,,Kafar Batna Coordinating Committee,المكتب الإعلامي في تنسيقية كفر بطنا,https://files.syrianarchive.org/chemicalweapons/Damascus%20Countryside/%D8%B4%D9%87%D8%AF%D8%A7%D8%A1%20%D9%88%D9%85%D8%B5%D8%A7%D8%A8%D9%8A%D9%86%20%D9%86%D8%AA%D9%8A%D8%AC%D8%A9%20%D9%82%D8%B5%D9%81%20%D8%A7%D9%84%D9%86%D8%B8%D8%A7%D9%85%20%D8%A7%D9%84%D8%B3%D9%88%D8%B1%D9%8A%20%D8%A8%D8%A7%D9%84%D8%B3%D9%84%D8%A7%D8%AD%20%D8%A7%D9%84%D9%83%D9%8A%D9%85%D8%A7%D9%88%D9%8A%20%D8%B9%D9%84%D9%89%20%D8%B9%D9%8A%D9%86%20%D8%AA%D8%B1%D9%85%D8%A7%20%D9%88%D8%B2%D9%85%D9%84%D9%83%D8%A7-gzW5tKCXrqg.mp4,,https://www.youtube.com/user/syriafredoom,,,,,,,,,,,,,,,,,,,,,,,
CW_1048,Kafar Batna ,كفر بطنا,36.373479,33.514295,APPROXIMATE,08/21/13 12:00 AM,The video shows a child who is infected by a chemical gas attack and he is being treated.,محاولة إسعاف طفل أصيب نتيجة القصف الكيماوي,Use of illegal weapons,,Kafar Batna Coordinating Committee,المكتب الإعلامي في تنسيقية كفر بطنا,https://files.syrianarchive.org/chemicalweapons/Damascus%20Countryside/T000000149.mp4,,https://www.youtube.com/user/syriafredoom/,,,,,,,,,,,,,,,,,,,,,,,
CW_1049,Mleiha,مليحة,36.369338,33.48724,APPROXIMATE,08/21/13 12:00 AM,Witness to the chemical attack happened in Damascus,شاهد على القصف الكيماوي في دمشق,Use of illegal weapons,,Medical Office in Mleiha,المكتب الطبي لبلدة المليحة,https://files.syrianarchive.org/chemicalweapons/Damascus%20Countryside/T000000177.mp4,,https://www.youtube.com/user/MalihaMedical/,,,,,,,,,,,,,,,,,,,,,,,
CW_1050,Mleiha,مليحة,36.369338,33.48724,APPROXIMATE,08/21/13 12:00 AM,,اسعاف المصابين بالغازات الكيماوية من زملكا وعين ترما,Use of illegal weapons,,Medical Office in Mleiha,المكتب الطبي لبلدة المليحة,https://files.syrianarchive.org/chemicalweapons/Damascus%20Countryside/T000000178.mp4,,https://www.youtube.com/user/MalihaMedical/,,,,,,,,,,,,,,,,,,,,,,,
CW_1051,Mleiha,مليحة,36.369338,33.48724,APPROXIMATE,08/21/13 12:00 AM,,يظهر الفيديو طفل مصاب بالكيماوي من مدينة سقبا ومصابين آخرين رجال ونساء,Use of illegal weapons,,Medical Office in Mleiha,المكتب الطبي لبلدة المليحة,https://files.syrianarchive.org/chemicalweapons/Damascus%20Countryside/T000000179.mp4,,https://www.youtube.com/user/MalihaMedical/,,,,,,,,,,,,,,,,,,,,,,,
CW_1052,Muadamiyat al-Sham,معضمية الشام,36.193042,33.461233,APPROXIMATE,08/22/13 12:00 AM,,شهادة الطبيب محمد ابو القاسم حول مجزرة الكيميائي مع الناشط مراد الشامي,Use of illegal weapons,,Muadamiyat al-Sham Media Center,المكتب الإعلامي في معضمية الشام,https://files.syrianarchive.org/chemicalweapons/Damascus%20Countryside/%D9%85%D8%B9%D8%B6%D9%85%D9%8A%D8%A9%20%D8%A7%D9%84%D8%B4%D8%A7%D9%85%20%D8%B4%D9%87%D8%A7%D8%AF%D8%A9%20%D8%A7%D9%84%D8%B7%D8%A8%D9%8A%D8%A8%20%D9%85%D8%AD%D9%85%D8%AF%20%D8%A7%D8%A8%D9%88%20%D8%A7%D9%84%D9%82%D8%A7%D8%B3%D9%85%20%D8%AD%D9%88%D9%84%20%D9%85%D8%AC%D8%B2%D8%B1%D8%A9%20%D8%A7%D9%84%D9%83%D9%8A%D9%85%D9%8A%D8%A7%D8%A6%D9%8A%20%D9%85%D8%B9%20%D8%A7%D9%84%D9%86%D8%A7%D8%B4%D8%B7%20%D9%85%D8%B1%D8%A7%D8%AF%20%D8%A7%D9%84%D8%B4%D8%A7%D9%85%D9%8A%2022%208%202013-ORyxfZnE7I8.mp4,,https://www.youtube.com/channel/UCdaVfJ7B4oOQeYiTB7Zb9Pg,,,,,,,,,,,,,,,,,,,,,,,
CW_1053,Muadamiyat al-Sham,معضمية الشام,36.193042,33.461233,APPROXIMATE,08/22/13 12:00 AM,,طفلة لا تزال تحت تأثير الاصابة بالغازات السامة,Use of illegal weapons,,Muadamiyat al-Sham Media Center,المكتب الإعلامي في معضمية الشام,https://files.syrianarchive.org/chemicalweapons/Damascus%20Countryside/%D9%85%D8%B9%D8%B6%D9%85%D9%8A%D8%A9%20%D8%A7%D9%84%D8%B4%D8%A7%D9%85%20%D8%B7%D9%81%D9%84%D8%A9%20%D9%84%D8%A7%20%D8%B2%D8%A7%D9%84%D8%AA%20%D9%85%D8%AA%D8%A3%D8%AB%D8%B1%D8%A9%20%D8%A8%D8%A7%D9%84%D8%BA%D8%A7%D8%B2%D8%A7%D8%AA%20%D8%A7%D9%84%D8%B3%D8%A7%D9%85%D8%A9%20%D8%A7%D9%84%D8%AA%D9%8A%20%D9%82%D8%B5%D9%81%20%D8%A8%D9%87%D8%A7%20%D8%A7%D9%84%D9%85%D8%AF%D9%8A%D9%86%D8%A9%2022%208%202013-dvajOesacHs.mp4,,https://www.youtube.com/channel/UCdaVfJ7B4oOQeYiTB7Zb9Pg,,,,,,,,,,,,,,,,,,,,,,,
CW_1054,Muadamiyat al-Sham,معضمية الشام,36.193042,33.461233,APPROXIMATE,08/21/13 12:00 AM,,ضحايا القصف الكيماوي,Use of illegal weapons,,Muadamiyat al-Sham Media Center,المكتب الإعلامي في معضمية الشام,https://files.syrianarchive.org/chemicalweapons/Damascus%20Countryside/%D9%85%D8%B9%D8%B6%D9%85%D9%8A%D8%A9%20%D8%A7%D9%84%D8%B4%D8%A7%D9%85%20%D9%81%D9%8A%D8%AF%D9%8A%D9%88%20%D9%84%D9%85%20%D9%8A%D8%AA%D9%85%20%D9%86%D8%B4%D8%B1%D9%87%20%D9%84%D9%85%D8%AC%D8%B2%D8%B1%D8%A9%20%D8%A7%D9%84%D9%83%D9%8A%D9%85%D8%A7%D9%88%D9%8A-VEVgDBYscMQ.mp4,,https://www.youtube.com/channel/UCdaVfJ7B4oOQeYiTB7Zb9Pg,,,,,,,,,,,,,,,,,,,,,,,
CW_1055,Muadamiyat al-Sham,معضمية الشام,36.193042,33.461233,APPROXIMATE,08/21/13 12:00 AM,,ضحايا القصف الكيماوي,Use of illegal weapons,,Muadamiyat al-Sham Media Center,المكتب الإعلامي في معضمية الشام,https://files.syrianarchive.org/chemicalweapons/Damascus%20Countryside/%D9%85%D8%B9%D8%B6%D9%85%D9%8A%D8%A9%20%D8%A7%D9%84%D8%B4%D8%A7%D9%85%20%D9%81%D9%8A%D8%AF%D9%8A%D9%88%20%D9%84%D9%85%20%D9%8A%D8%AA%D9%85%20%D9%86%D8%B4%D8%B1%D9%87%20%D9%84%D9%85%D8%AC%D8%B2%D8%B1%D8%A9%20%D8%A7%D9%84%D9%83%D9%8A%D9%85%D8%A7%D9%88%D9%8A-YbGdz5e79Q8.mp4,,https://www.youtube.com/channel/UCdaVfJ7B4oOQeYiTB7Zb9Pg,,,,,,,,,,,,,,,,,,,,,,,
CW_1056,Muadamiyat al-Sham,معضمية الشام,36.193042,33.461233,APPROXIMATE,08/21/13 12:00 AM,,الاصابات ضمن المدنيين جراء القصف الكيماوي,Use of illegal weapons,,Muadamiyat al-Sham Media Center,المكتب الإعلامي في معضمية الشام,https://files.syrianarchive.org/chemicalweapons/Damascus%20Countryside/%D9%85%D8%B9%D8%B6%D9%85%D9%8A%D8%A9%20%D8%A7%D9%84%D8%B4%D8%A7%D9%85%20%D9%85%D8%B2%D9%8A%D8%AF%D8%A7%20%D9%85%D9%86%20%D8%A7%D9%84%D8%A7%D8%B5%D8%A7%D8%A8%D8%A7%D8%AA%20%D9%81%D9%8A%20%D8%B5%D9%81%D9%88%D9%81%20%D8%A7%D9%84%D9%85%D8%AF%D9%86%D9%8A%D9%86%20%D8%AC%D8%B1%D8%A7%D8%A1%20%D8%A7%D9%84%D9%82%D8%B5%D9%81%20%D8%A8%D8%A7%D9%84%D9%85%D9%88%D8%A7%D8%AF%20%D8%A7%D9%84%D9%83%D9%8A%D9%85%D9%8A%D8%A7%D8%A6%D9%8A%D8%A9%2021%208%202013-r_C0eZSGMXY.mp4,,https://www.youtube.com/channel/UCdaVfJ7B4oOQeYiTB7Zb9Pg,,,,,,,,,,,,,,,,,,,,,,,
CW_1057,Muadamiyat al-Sham,معضمية الشام,36.193042,33.461233,APPROXIMATE,08/21/13 12:00 AM,,اعراض الاصابات بالغاز السام,Use of illegal weapons,,Muadamiyah Popular Council,المجلس المحلي معضمية الشام,https://files.syrianarchive.org/chemicalweapons/Damascus%20Countryside/%D9%85%D8%B9%D8%B6%D9%85%D9%8A%D8%A9%20%D8%A7%D9%84%D8%B4%D8%A7%D9%85%20%D9%85%D9%85%D9%8A%D8%B2%20%D8%A2%D8%AB%D8%A7%D8%B1%20%D8%A7%D9%84%D9%82%D8%B5%D9%81%20%D8%A7%D9%84%D9%83%D9%8A%D9%85%D9%8A%D8%A7%D8%A6%D9%8A%20%D8%B9%D9%84%D9%89%20%D8%A7%D9%84%D9%85%D8%AF%D9%86%D9%8A%D9%8A%D9%86%20%D8%AF%D9%82%D8%A9%20%D8%B9%D8%A7%D9%84%D9%8A%D8%A9%20%D8%AC1-xIfQ_X2pfZg.mp4,,https://www.youtube.com/user/wassemo87,,,,,,,,,,,,,,,,,,,,,,,
CW_1058,Muadamiyat al-Sham,معضمية الشام,36.193042,33.461233,APPROXIMATE,08/21/13 12:00 AM,,الضحايا من الاطفال و الرجال نتيجة الغازات السامة,Use of illegal weapons,,Muadamiyah Popular Council,المجلس المحلي معضمية الشام,https://files.syrianarchive.org/chemicalweapons/Damascus%20Countryside/%D9%85%D8%B9%D8%B6%D9%85%D9%8A%D8%A9%20%D8%A7%D9%84%D8%B4%D8%A7%D9%85%20%D9%87%D8%A7%D8%A7%D8%A7%D9%85%20%D8%A2%D8%AB%D8%A7%D8%B1%20%D8%A7%D9%84%D9%85%D9%88%D8%A7%D8%AF%20%D8%A7%D9%84%D9%83%D9%8A%D9%85%D9%8A%D8%A7%D8%A6%D9%8A%D8%A9%20%D8%A7%D9%84%D8%AA%D9%8A%20%D9%82%D8%B5%D9%81%D8%AA%20%D8%A8%D9%87%D8%A7%20%D8%A7%D9%84%D9%85%D8%AF%D9%8A%D9%86%D8%A9%20%D8%AF%D9%82%D8%A9%20%D8%B9%D8%A7%D9%84%D9%8A%D8%A9%20%D8%AC2-TRaK0GJN0NQ.mp4.part,,https://www.youtube.com/user/wassemo87,,,,,,,,,,,,,,,,,,,,,,,
CW_1059,Muadamiyat al-Sham,معضمية الشام,36.193042,33.461233,APPROXIMATE,08/21/13 12:00 AM,,ضحايا مدنيين جراء القصف الكيماوي,Use of illegal weapons,,Muadamiyah Popular Council,المجلس المحلي معضمية الشام,https://files.syrianarchive.org/chemicalweapons/Damascus%20Countryside/%D9%85%D8%B9%D8%B6%D9%85%D9%8A%D8%A9%20%D8%A7%D9%84%D8%B4%D8%A7%D9%85%20%D9%87%D8%A7%D9%85%20%D8%A2%D8%AB%D8%A7%D8%B1%20%D8%A7%D9%84%D9%82%D8%B5%D9%81%20%D8%A8%D8%A7%D9%84%D9%85%D9%88%D8%A7%D8%AF%20%D8%A7%D9%84%D9%83%D9%8A%D9%85%D8%A7%D9%88%D9%8A%D8%A9%20%D8%AF%D9%82%D8%A9%20%D8%B9%D8%A7%D9%84%D9%8A%D8%A9%20%D8%AC3-MWQBgh5eH7k.mp4,,https://www.youtube.com/user/wassemo87,,,,,,,,,,,,,,,,,,,,,,,
CW_1060,Muadamiyat al-Sham,معضمية الشام,36.193042,33.461233,APPROXIMATE,08/22/13 12:00 AM,,اختناق شخص جراء القصف الكيماوي,Use of illegal weapons,,Muadamiyat al-Sham Coordinating Committee,تنسيقية مدينة معضمية الشام,https://files.syrianarchive.org/chemicalweapons/Damascus%20Countryside/حالات%20اختناق%20جراء%20القصف%20بقذائف%20تسبب%20تضيق%20في%20التنفس%20معضمية%20الشام%2022%208%202013-3ilbpKnSWZQ.mp4,,https://www.youtube.com/user/kingtaloman/,,,,,,,,,,,,,,,,,,,,,,,
CW_1061,Muadamiyat al-Sham,معضمية الشام,36.193042,33.461233,APPROXIMATE,08/21/13 12:00 AM,,ضحايا الهجمات الكيماوية في معضمية الشام. رجل بالغ وطفل,Use of illegal weapons,,Muadamiyat al-Sham Coordinating Committee,تنسيقية مدينة معضمية الشام,https://files.syrianarchive.org/chemicalweapons/Damascus%20Countryside/T000000124.mp4,,https://www.youtube.com/user/kingtaloman/,,,,,,,,,,,,,,,,,,,,,,,
CW_1062,Muadamiyat al-Sham,معضمية الشام,36.193042,33.461233,APPROXIMATE,08/21/13 12:00 AM,,ضحايا القصف الكيماوي في معظمية الشام,Use of illegal weapons,,Muadamiyat al-Sham Media Center,المكتب الإعلامي في معضمية الشام,https://files.syrianarchive.org/chemicalweapons/Damascus%20Countryside/%D9%81%D9%8A%D8%AF%D9%8A%D9%88%20%D9%84%D9%85%20%D9%8A%D8%AA%D9%85%20%D9%86%D8%B4%D8%B1%D9%87%20%D8%A8%D9%85%D8%AC%D8%B2%D8%B1%D8%A9%20%D8%A7%D9%84%D9%83%D9%8A%D9%85%D8%A7%D9%88%D9%8A%20%D9%85%D8%B9%D8%B6%D9%85%D9%8A%D8%A9%20%D8%A7%D9%84%D8%B4%D8%A7%D9%85-l10j1aMe50A.mp4,,https://www.youtube.com/channel/UCdaVfJ7B4oOQeYiTB7Zb9Pg/featured,,,,,,,,,,,,,,,,,,,,,,,
CW_1063,Muadamiyat al-Sham,معضمية الشام,36.193042,33.461233,APPROXIMATE,08/22/13 12:00 AM,,محاولة انقاذ طفل متأثر بالغازات الكيماوية,Use of illegal weapons,,Muadamiyat al-Sham Media Center,المكتب الإعلامي في معضمية الشام,https://files.syrianarchive.org/chemicalweapons/Damascus%20Countryside/%D9%85%D8%AD%D8%A7%D9%88%D9%84%D8%A9%20%D8%A7%D9%86%D8%B9%D8%A7%D8%B4%20%D8%B7%D9%81%D9%84%20%D9%85%D8%AA%D8%A3%D8%AB%D8%B1%D8%A7%20%D8%A8%D8%A7%D9%84%D8%A7%D8%B3%D9%84%D8%AD%D8%A9%20%D8%A7%D9%84%D9%83%D9%8A%D9%85%D8%A7%D9%88%D9%8A%D8%A9%20%D8%A7%D9%84%D8%A8%D8%A7%D8%B1%D8%AD%D8%A9%20%D9%85%D8%B9%D8%B6%D9%85%D9%8A%D8%A9%20%D8%A7%D9%84%D8%B4%D8%A7%D9%85%2022%208%202013-vWrlnU6Fp28.mp4,,https://www.youtube.com/channel/UCdaVfJ7B4oOQeYiTB7Zb9Pg,,,,,,,,,,,,,,,,,,,,,,,
CW_1064,Muadamiyat al-Sham,معضمية الشام,36.193042,33.461233,APPROXIMATE,08/21/13 12:00 AM,,ضحايا الهجمات الكيماوية,Use of illegal weapons,,Muadamiyat al-Sham Coordinating Committee,تنسيقية مدينة معضمية الشام,https://files.syrianarchive.org/chemicalweapons/Damascus%20Countryside/%D9%85%D8%B9%D8%B6%D9%85%D9%8A%D8%A9%20%D8%A7%D9%84%D8%B4%D8%A7%D9%85%20%D8%A5%D8%B5%D8%A7%D8%A8%D8%A7%D8%AA%20%D9%88%D8%B4%D9%87%D8%AF%D8%A7%D8%A1%20%D8%A7%D9%84%D9%85%D8%AC%D8%B2%D8%B1%D8%A9%20%D8%A7%D9%84%D8%AA%D9%8A%20%D8%B1%D8%AA%D9%83%D8%A8%D8%AA%D9%87%D8%A7%20%D8%B9%D8%B5%D8%A7%D8%A8%D8%A7%D8%AA%20%D8%A7%D9%84%D8%A3%D8%B3%D8%AF%20%D8%A8%D9%82%D8%B5%D9%81%D9%87%D8%A7%20%D9%84%D9%84%D9%85%D8%AF%D9%8A%D9%86%D8%A9%20%D8%A8%D8%A7%D9%84%D8%B3%D9%84%D8%A7%D8%AD%20%D8%A7%D9%84%D9%83%D9%8A%D9%85%D8%A7%D9%88%D9%8A21%2008%202-BiP4ypX_6T8.mp4,,https://www.youtube.com/user/kingtaloman,,,,,,,,,,,,,,,,,,,,,,,
CW_1065,Muadamiyat al-Sham,معضمية الشام,36.193042,33.461233,APPROXIMATE,08/21/13 12:00 AM,,انتشار جثث الضحايا و الاصابات في شوارع معضمية الشام,Use of illegal weapons,,Muadamiyat al-Sham Coordinating Committee,تنسيقية مدينة معضمية الشام,https://files.syrianarchive.org/chemicalweapons/Damascus%20Countryside/%D9%85%D8%B9%D8%B6%D9%85%D9%8A%D8%A9%20%D8%A7%D9%84%D8%B4%D8%A7%D9%85%20%D8%A5%D9%86%D8%AA%D8%B4%D8%A7%D8%B1%20%D8%AC%D8%AB%D8%AB%20%D8%A7%D9%84%D8%B4%D9%87%D8%AF%D8%A7%D8%A1%20%D9%88%D8%A7%D9%84%D8%A5%D8%B5%D8%A7%D8%A8%D8%A7%D8%AA%20%D9%81%D9%8A%20%D8%B4%D9%88%D8%A7%D8%B1%D8%B9%20%20%D8%A7%D9%84%D9%85%D8%AF%D9%86%D9%8A%D8%A9%20%D9%86%D8%AA%D9%8A%D8%AC%D8%A9%20%D9%82%D8%B5%D9%81%D9%87%D8%A7%20%D8%A8%D8%A7%D9%84%D8%A3%D8%B3%D9%84%D8%AD%D8%A9%20%D8%A7%D9%84%D9%83%D9%8A%D9%85%D8%A7%D9%88%D9%8A%D8%A9%2021%2008%20201-mSzrPZ4Obw0.mp4,,https://www.youtube.com/user/kingtaloman,,,,,,,,,,,,,,,,,,,,,,,
CW_1066,Muadamiyat al-Sham,معضمية الشام,36.193042,33.461233,APPROXIMATE,08/22/13 12:00 AM,,اسعاف المصابين بالغازات السامة,Use of illegal weapons,,Muadamiyat al-Sham Media Center,المكتب الإعلامي في معضمية الشام,https://files.syrianarchive.org/chemicalweapons/Damascus%20Countryside/%D9%85%D8%B9%D8%B6%D9%85%D9%8A%D8%A9%20%D8%A7%D9%84%D8%B4%D8%A7%D9%85%20%D8%A7%D8%B3%D8%AA%D9%85%D8%B1%D8%A7%D8%B1%20%D8%AA%D9%88%D8%A7%D9%81%D8%AF%20%D8%AD%D8%A7%D9%84%D8%A7%D8%AA%20%D8%A7%D9%84%D8%A5%D8%AE%D8%AA%D9%86%D8%A7%D9%82%20%D8%A5%D9%84%D9%89%20%D8%A7%D9%84%D9%85%D8%B4%D9%81%D9%89%20%D8%A8%D8%B9%D8%AF%20%D9%8A%D9%88%D9%85%20%D9%85%D9%86%20%D8%A7%D9%84%D9%82%D8%B5%D9%81%20%D8%A7%D9%84%D9%83%D9%8A%D9%85%D8%A7%D9%88%D9%8A%2022%208%202013-nOxOfNjV3iQ.mp4,,https://www.youtube.com/channel/UCdaVfJ7B4oOQeYiTB7Zb9Pg,,,,,,,,,,,,,,,,,,,,,,,
CW_1067,Muadamiyat al-Sham,معضمية الشام,36.193042,33.461233,APPROXIMATE,08/21/13 12:00 AM,,معضمية الشام افيديو الأولي للإصابات في صفوف المدنيين بالأسلحة الكيماوية,Use of illegal weapons,,Muadamiyat al-Sham Media Center,المكتب الإعلامي في معضمية الشام,https://files.syrianarchive.org/chemicalweapons/Damascus%20Countryside/%D9%85%D8%B9%D8%B6%D9%85%D9%8A%D8%A9%20%D8%A7%D9%84%D8%B4%D8%A7%D9%85%20%D8%A7%D9%81%D9%8A%D8%AF%D9%8A%D9%88%20%D8%A7%D9%84%D8%A3%D9%88%D9%84%D9%8A%20%D9%84%D9%84%D8%A5%D8%B5%D8%A7%D8%A8%D8%A7%D8%AA%20%D9%81%D9%8A%20%D8%B5%D9%81%D9%88%D9%81%20%D8%A7%D9%84%D9%85%D8%AF%D9%86%D9%8A%D9%8A%D9%86%20%D8%A8%D8%A7%D9%84%D8%A3%D8%B3%D9%84%D8%AD%D8%A9%20%D8%A7%D9%84%D9%83%D9%8A%D9%85%D8%A7%D9%88%D9%8A%D8%A9%2021%208%202013-Da_UizjNUz4.mp4,,https://www.youtube.com/channel/UCdaVfJ7B4oOQeYiTB7Zb9Pg,,,,,,,,,,,,,,,,,,,,,,,
CW_1068,Muadamiyat al-Sham,معضمية الشام,36.193042,33.461233,APPROXIMATE,08/21/13 12:00 AM,,اسعاف المصابين في المشفى الميداني,Use of illegal weapons,,Muadamiyat al-Sham Media Center,المكتب الإعلامي في معضمية الشام,https://files.syrianarchive.org/chemicalweapons/Damascus%20Countryside/%D9%85%D8%B9%D8%B6%D9%85%D9%8A%D8%A9%20%D8%A7%D9%84%D8%B4%D8%A7%D9%85%20%D8%A7%D9%84%D8%A5%D8%B5%D8%A7%D8%A8%D8%A7%D8%AA%20%D8%A7%D9%84%D8%AA%D9%8A%20%D8%AA%D9%88%D8%A7%D9%81%D8%AF%D8%AA%20%D8%B9%D9%84%D9%89%20%D8%A7%D9%84%D9%85%D8%B4%D9%81%D9%89%20%D8%A7%D9%84%D9%85%D9%8A%D8%AF%D8%A7%D9%86%D9%8A%20%D8%AC%D8%B1%D8%A7%D8%A1%20%D8%A7%D9%84%D9%82%D8%B5%D9%81%20%D8%A7%D9%84%D9%83%D9%8A%D9%85%D8%A7%D9%88%D9%8A%2022%208%202013-8Vocsknjnco.mp4,,https://www.youtube.com/channel/UCdaVfJ7B4oOQeYiTB7Zb9Pg,,,,,,,,,,,,,,,,,,,,,,,
CW_1069,Muadamiyat al-Sham,معضمية الشام,36.193042,33.461233,APPROXIMATE,08/21/13 12:00 AM,,الاصابات في صفوف الاهالي جراء استهداف المدينة بلمواد الكيميائية,Use of illegal weapons,,Muadamiyat al-Sham Media Center,المكتب الإعلامي في معضمية الشام,https://files.syrianarchive.org/chemicalweapons/Damascus%20Countryside/%D9%85%D8%B9%D8%B6%D9%85%D9%8A%D8%A9%20%D8%A7%D9%84%D8%B4%D8%A7%D9%85%20%D8%A7%D9%84%D8%A7%D8%B5%D8%A7%D8%A8%D8%A7%D8%AA%20%D9%81%D9%8A%20%D8%B5%D9%81%D9%88%D9%81%20%D8%A7%D9%84%D8%A7%D9%87%D8%A7%D9%84%D9%8A%20%D8%AC%D8%B1%D8%A7%D8%A1%20%D8%A7%D8%B3%D8%AA%D9%87%D8%AF%D8%A7%D9%81%20%D8%A7%D9%84%D9%85%D8%AF%D9%8A%D9%86%D8%A9%20%D8%A8%D9%84%D9%85%D9%88%D8%A7%D8%AF%20%D8%A7%D9%84%D9%83%D9%8A%D9%85%D9%8A%D8%A7%D8%A6%D9%8A%D8%A9%2021%208%202013-HxSVEK3Wtp8.mp4,,https://www.youtube.com/channel/UCdaVfJ7B4oOQeYiTB7Zb9Pg,,,,,,,,,,,,,,,,,,,,,,,
CW_1070,Muadamiyat al-Sham,معضمية الشام,36.193042,33.461233,APPROXIMATE,08/21/13 12:00 AM,,توافد الاصابات جراء القصف بالأسلحة الكيماوية,Use of illegal weapons,,Muadamiyat al-Sham Media Center,المكتب الإعلامي في معضمية الشام,https://files.syrianarchive.org/chemicalweapons/Damascus%20Countryside/%D9%85%D8%B9%D8%B6%D9%85%D9%8A%D8%A9%20%D8%A7%D9%84%D8%B4%D8%A7%D9%85%20%D8%AA%D9%88%D8%A7%D9%81%D8%AF%20%D8%A7%D9%84%D9%85%D8%B2%D9%8A%D8%AF%20%D9%85%D9%86%20%D8%A7%D9%84%D8%B4%D9%87%D8%AF%D8%A7%D8%A1%20%D9%88%D8%A7%D9%84%D8%AC%D8%B1%D8%AD%D9%89%20%D8%AC%D8%B1%D8%A7%D8%A1%20%D8%A7%D9%84%D9%82%D8%B5%D9%81%20%D8%A8%D8%A7%D9%84%D8%A3%D8%B3%D9%84%D8%AD%D8%A9%20%D8%A7%D9%84%D9%83%D9%8A%D9%85%D8%A7%D9%88%D9%8A%D8%A9%20%2021%208%202013-fhJ6L80WRTs.mp4,,https://www.youtube.com/channel/UCdaVfJ7B4oOQeYiTB7Zb9Pg,,,,,,,,,,,,,,,,,,,,,,,
CW_1071,Muadamiyat al-Sham,معضمية الشام,36.193042,33.461233,APPROXIMATE,08/22/13 12:00 AM,,مقابلة مع احد الناجين من القصف الكيماوي,Use of illegal weapons,,Muadamiyat al-Sham Media Center,المكتب الإعلامي في معضمية الشام,https://files.syrianarchive.org/chemicalweapons/Damascus%20Countryside/%D9%85%D8%B9%D8%B6%D9%85%D9%8A%D8%A9%20%D8%A7%D9%84%D8%B4%D8%A7%D9%85%20%D8%B4%D9%87%D8%A7%D8%AF%D8%A9%20%D8%A7%D8%AD%D8%AF%20%D8%A7%D9%84%D9%85%D8%B5%D8%A7%D8%A8%D9%8A%D9%86%20%D8%AD%D9%88%D9%84%20%D9%85%D8%AC%D8%B2%D8%B1%D8%A9%20%D8%A7%D9%84%D9%83%D9%8A%D9%85%D9%8A%D8%A7%D8%A6%D9%8A%20%D9%85%D8%B9%20%D8%A7%D9%84%D9%86%D8%A7%D8%B4%D8%B7%20%D9%85%D8%B1%D8%A7%D8%AF%20%D8%A7%D9%84%D8%B4%D8%A7%D9%85%D9%8A%2022%208%202013-7FyA58LpDYw.mp4,,https://www.youtube.com/channel/UCdaVfJ7B4oOQeYiTB7Zb9Pg,,,,,,,,,,,,,,,,,,,,,,,
CW_1072,Muadamiyat al-Sham,معضمية الشام,36.193042,33.461233,APPROXIMATE,08/21/13 12:00 AM,The video shows a victim of the chemical attack happened in Muadamiyat Al-sham,رجل يحتضر جراء اصابته بالغازات الكيماوية في معضمية الشام,Use of illegal weapons,,Muadamiyah Popular Council,المجلس المحلي معضمية الشام,https://files.syrianarchive.org/chemicalweapons/Damascus%20Countryside/T000000132.mp4,,https://www.youtube.com/user/wassemo87/,,,,,,,,,,,,,,,,,,,,,,,
CW_1073,Muadamiyat al-Sham,معضمية الشام,36.193042,33.461233,APPROXIMATE,08/21/13 12:00 AM,The video shows victims of the chemical attack happened in Muadamiyat Al-sham. Names of dead people are shown in the video. ,ضحايا القصف بالغازات الكيماوية في معضمية الشام. أسماء الضحايا تظهر في الفيديو ,Use of illegal weapons,,Muadamiyah Popular Council,المجلس المحلي معضمية الشام,https://files.syrianarchive.org/chemicalweapons/Damascus%20Countryside/T000000133.mp4,,https://www.youtube.com/user/wassemo87/,,,,,,,,,,,,,,,,,,,,,,,names of dead are on the video
CW_1074,Muadamiyat al-Sham,معضمية الشام,36.193042,33.461233,APPROXIMATE,08/21/13 12:00 AM,The video shows children and adults victims as a result of the chemical attack happened in Muadamiyat Al-sham .,يظهر الفيديو ضحايا أطفال، وشبان بسبب تعرضعم للغازات السامة نتيجة القصف الكيماوي على معضمية الشام,Use of illegal weapons,,Muadamiyah Popular Council,المجلس المحلي معضمية الشام,https://files.syrianarchive.org/chemicalweapons/Damascus%20Countryside/T000000134.mp4,,https://www.youtube.com/user/wassemo87/,,,,,,,,,,,,,,,,,,,,,,,
CW_1075,Muadamiyat al-Sham,معضمية الشام,36.193042,33.461233,APPROXIMATE,08/22/13 12:00 AM,The video shows doctors trying to rescue a child who was infected by the chemical attack happened in Muadamiyat Al-sham.,محاولة إنقاذ طفل أصيب بالغازات الكيماوية في معضمية الشام,Use of illegal weapons,,Muadamiyah Popular Council,المجلس المحلي معضمية الشام,https://files.syrianarchive.org/chemicalweapons/Damascus%20Countryside/T000000135.mp4,,https://www.youtube.com/user/wassemo87/,,,,,,,,,,,,,,,,,,,,,,,
CW_1076,Muadamiyat al-Sham,معضمية الشام,36.193042,33.461233,APPROXIMATE,08/22/13 12:00 AM,The video shows doctors trying to rescue a man who was infected by the chemical attack happened in Muadamiyat Al-sham.,محاولة إنقاذ شاب أصيب بالغازات الكيماوية في معضمية الشام,Use of illegal weapons,,Muadamiyah Popular Council,المجلس المحلي معضمية الشام,https://files.syrianarchive.org/chemicalweapons/Damascus%20Countryside/T000000136.mp4,,https://www.youtube.com/user/wassemo87/,,,,,,,,,,,,,,,,,,,,,,,
CW_1077,Muadamiyat al-Sham,معضمية الشام,36.193042,33.461233,APPROXIMATE,08/21/13 12:00 AM,Victims of the chemical attack happened in Muadamiyat Al-sham.,يظهر الفيديو ضحايا الغازات السامة نتيجة القصف الكيماوي على معضمية الشام,Use of illegal weapons,,Muadamiyah Popular Council,المجلس المحلي معضمية الشام,https://files.syrianarchive.org/chemicalweapons/Damascus%20Countryside/T000000137.mp4,,https://www.youtube.com/user/wassemo87/,,,,,,,,,,,,,,,,,,,,,,,
CW_1078,Muadamiyat al-Sham,معضمية الشام,36.193042,33.461233,APPROXIMATE,08/22/13 12:00 AM,The video shows a child who is infected as a result of the chemical attack happened in Damascus Countryside - Muadamiyat Al-sham.,إصابة طفلة بالغازات الكيماوية نتيجة القصف الكيماوي على معضمية الشام,Use of illegal weapons,,Muadamiyah Popular Council,المجلس المحلي معضمية الشام,https://files.syrianarchive.org/chemicalweapons/Damascus%20Countryside/T000000138.mp4,,https://www.youtube.com/user/wassemo87/,,,,,,,,,,,,,,,,,,,,,,,
CW_1079,Muadamiyat al-Sham,معضمية الشام,36.193042,33.461233,APPROXIMATE,08/21/13 12:00 AM,"Victims of the chemical attack happened in Damascus Countryside, Muadamiyat Al-sham.",يظهر الفيديو ضحايا الغازات السامة نتيجة القصف الكيماوي على معضمية الشام,Use of illegal weapons,,Muadamiyah Popular Council,المجلس المحلي معضمية الشام,https://files.syrianarchive.org/chemicalweapons/Damascus%20Countryside/T000000139.mp4,,https://www.youtube.com/user/wassemo87/,,,,,,,,,,,,,,,,,,,,,,,
CW_1080,Muadamiyat al-Sham,معضمية الشام,36.193042,33.461233,APPROXIMATE,08/21/13 12:00 AM,"The video shows adults and children victims as a result of the chemical attack happened in Damascus Countryside, Muadamiyat Al-sham. The recorder said that there were attacks by MiG followed the chemical attack.",يظهر الفيديو ضحايا الغازات السامة نتيجة القصف الكيماوي على معضمية الشام. يتكلم المصور عن غارات جوية بطيران الميغ بعد القصف الكيماوي.,Use of illegal weapons,,Muadamiyah Popular Council,المجلس المحلي معضمية الشام,https://files.syrianarchive.org/chemicalweapons/Damascus%20Countryside/T000000140.mp4,,https://www.youtube.com/user/wassemo87/,,,,,,,,,,,,,,,,,,,,,,,
CW_1081,Saqba,سقبا,36.3799215,33.5184752,APPROXIMATE,08/21/13 12:00 AM,,طبيب ميداني يتحدث عن الأعراض الناجمة عن القصف الكيماوي,Use of illegal weapons,,Saqba Coordinating Committee,تنسيقية مدينة سقبا,https://files.syrianarchive.org/chemicalweapons/Damascus%20Countryside/%D8%BA%D9%88%D8%B7%D8%A9%20%D8%A7%D9%84%D8%B4%D8%B1%D9%82%D9%8A%D8%A9%2021-8-2013%20%D8%B4%D9%87%D8%A7%D8%AF%D8%A9%20%D8%A7%D9%84%D8%B7%D8%A8%D9%8A%D8%A8%20%D8%A7%D9%84%D9%85%D9%8A%D8%AF%D8%A7%D9%86%D9%8A%20%D8%B9%D9%86%20%D8%A7%D9%84%D8%B3%D9%84%D8%A7%D8%AD%20%D8%A7%D9%84%D9%83%D9%8A%D9%85%D8%A7%D9%88%D9%8A%20%D8%A7%D9%84%D9%85%D8%B3%D8%AA%D8%AE%D8%AF%D9%85%20%D9%88%D8%A7%D9%84%D8%A7%D8%B9%D8%B1%D8%A7%D8%B6%20%D8%A7%D9%84%D9%85%D8%B4%D8%A7%D9%87%D8%AF%D8%A9-9UU_uONafGE.mp4,,https://www.youtube.com/channel/UCPJ5c1m7advFxfWUfuVR2Vw,,,,,,,,,,,,,,,,,,,,,,,
CW_1082,Saqba,سقبا,36.3799215,33.5184752,APPROXIMATE,08/21/13 12:00 AM,,اسعاف احد المصابين من الأطفال جراء المواد الكيميائية,Use of illegal weapons,,Saqba Coordinating Committee,المكتب الاعلامي - سقبا,https://files.syrianarchive.org/chemicalweapons/Damascus%20Countryside/%D8%B3%D9%82%D8%A8%D8%A7%20_%2021-08-2013%20_%20%D8%AD%D8%A7%D9%84%D8%A9%20%D8%A7%D8%B3%D8%B9%D8%A7%D9%81%20%D8%A7%D8%AD%D8%AF%20%D8%A7%D9%84%D9%85%D8%B5%D8%A7%D8%A8%D9%8A%D9%86%20%D8%AC%D8%B1%D8%A7%D8%A1%20%D8%A7%D9%84%D9%85%D9%88%D8%A7%D8%AF%20%D8%A7%D9%84%D9%83%D9%8A%D9%85%D9%8A%D8%A7%D8%A6%D9%8A%D8%A9-aBFLhDlscvM.mp4,,https://www.youtube.com/user/SaqbaRevo0,,,,,,,,,,,,,,,,,,,,,,,
CW_1083,Saqba,سقبا,36.3799215,33.5184752,APPROXIMATE,08/21/13 12:00 AM,,طفل مصاب بالغازات السامه,Use of illegal weapons,,Saqba Coordinating Committee,تنسيقية مدينة سقبا,https://files.syrianarchive.org/chemicalweapons/Damascus%20Countryside/%D8%BA%D9%88%D8%B7%D8%A9%20%D8%A7%D9%84%D8%B4%D8%B1%D9%82%D9%8A%D8%A9%2021-8-2013%20%D8%B7%D9%81%D9%84%20%D9%8A%D9%84%D9%81%D8%B8%20%D8%A3%D9%86%D9%81%D8%A7%D8%B3%D9%87%20%D8%A7%D9%84%D8%A3%D8%AE%D9%8A%D8%B1%D8%A9%20%D8%AC%D8%B1%D8%A7%D8%A1%20%D8%A7%D9%84%D9%82%D8%B5%D9%81%20%D8%A8%D8%A7%D9%84%D8%B3%D9%84%D8%A7%D8%AD%20%D8%A7%D9%84%D9%83%D9%8A%D9%85%D8%A7%D9%88%D9%8A-YVTZSLUtLOQ.mp4,,https://www.youtube.com/user/SaqbaRevo0,,,,,,,,,,,,,,,,,,,,,,,
CW_1084,Saqba,سقبا,36.3799215,33.5184752,APPROXIMATE,08/21/13 12:00 AM,,اسعاف طفل في احدى المشافي الميدانية,Use of illegal weapons,,Saqba Coordinating Committee,تنسيقية مدينة سقبا,https://files.syrianarchive.org/chemicalweapons/Damascus%20Countryside/%D8%BA%D9%88%D8%B7%D8%A9%20%D8%A7%D9%84%D8%B4%D8%B1%D9%82%D9%8A%D8%A9%2021-8-2013%20%D8%B7%D9%81%D9%84%20%D9%8A%D9%84%D9%81%D8%B8%20%D8%A3%D9%86%D9%81%D8%A7%D8%B3%D9%87%20%D8%A7%D9%84%D8%A3%D8%AE%D9%8A%D8%B1%D8%A9%20%D8%AC%D8%B1%D8%A7%D8%A1%20%D8%A7%D9%84%D9%82%D8%B5%D9%81%20%D8%A8%D8%A7%D9%84%D8%B3%D9%84%D8%A7%D8%AD%20%D8%A7%D9%84%D9%83%D9%8A%D9%85%D8%A7%D9%88%D9%8A-nRDkuRGNFiE.mp4,,https://www.youtube.com/user/SaqbaRevo0,,,,,,,,,,,,,,,,,,,,,,,
CW_1085,Saqba,سقبا,36.3799215,33.5184752,APPROXIMATE,08/21/13 12:00 AM,Victims of chemical attack.,إصابات نتيجة القصف بالسلاح الكيماوي,Use of illegal weapons,,Saqba Coordinating Committee,تنسيقية مدينة سقبا,https://files.syrianarchive.org/chemicalweapons/Damascus%20Countryside/T000000162.mp4,,https://www.youtube.com/user/SaqbaRevo0,,,,,,,,,,,,,,,,,,,,,,,
CW_1086,Saqba,سقبا,36.3799216,33.5184753,APPROXIMATE,08/21/13 12:00 AM,Chemical attacks victims children and men.,إصابات لرجال وأطفال نتيجة القصف بالسلاح الكيماوي,Use of illegal weapons,,Saqba Coordinating Committee,تنسيقية مدينة سقبا,https://files.syrianarchive.org/chemicalweapons/Damascus%20Countryside/T000000163.mp4,,https://www.youtube.com/user/SaqbaRevo0,,,,,,,,,,,,,,,,,,,,,,,
CW_1087,Zamalka,زملكا,36.3510736,33.5261956,APPROXIMATE,08/22/13 12:00 AM,A chemical rocket was found,أحد الصواريخ الكيماوية التي سقطت في منطقة زملكا,Use of illegal weapons,,Erbin City Coordinating Committee,تنسيقية مدينة عربين,https://files.syrianarchive.org/chemicalweapons/Damascus%20Countryside/T000000113.mp4,,https://www.facebook.com/ErbinCity2014/timeline,,,,,,,,,Chemical weapons,,,,,,,,,,,,,,
CW_1088,Zamalka,زملكا,36.3510736,33.5261956,APPROXIMATE,08/21/13 12:00 AM,A chemical rocket was found,أحد الصواريخ الكيماوية التي سقطت في منطقة زملكا,Use of illegal weapons,,"Hadi, citizen journalist in Damascus Suburbs",هادي مراسل ميداني في ريف دمشق,https://files.syrianarchive.org/chemicalweapons/Damascus%20Countryside/T000000114.mp4,,https://www.youtube.com/channel/UCUMVShr9h2Uub_N9WQ8Am3g,,,,,,,,,Chemical weapons,,,,,,,,,,,,,,
CW_1089,Zamalka,زملكا,36.3510736,33.5261956,APPROXIMATE,08/22/13 12:00 AM,Witness is explaining about the destruction and the victims of the chemical attack in Damascus Countryside.,شاهد يشرح حجم الدمار وعدد الضحايا بسبب القصف بالصواريخ الكيماوية,Use of illegal weapons,,Erbin City Coordinating Committee,تنسيقية مدينة عربين,https://files.syrianarchive.org/chemicalweapons/Damascus%20Countryside/T000000115.mp4,,https://www.facebook.com/ErbinCity2014/timeline,,,,,,,,,,,,,,,,,,,,,,,
CW_1091,Zamalka,زملكا,36.3510736,33.5261956,APPROXIMATE,08/23/13 12:00 AM,"A chemical rocket was found in Zamalka, Al-Mazra'a Neiborhood ",تصوير صاروخ كيماوي سقط في زملكا بحي المزرعة,Use of illegal weapons,,"bounana, citizen journalist in Zamalka",مراسل ميداني في زملكا,https://files.syrianarchive.org/chemicalweapons/Damascus%20Countryside/T000000116.mp4,,https://www.youtube.com/watch?v=rvJCSJOwZhI,,,,,,,,,,,,,,,,,,,,,,,
CW_1092,Zamalka,زملكا,36.3510736,33.5261956,APPROXIMATE,08/23/13 12:00 AM,"A chemical rocket was found in Zamalka, Al-Mazra'a Neiborhood ",تصوير صاروخ كيماوي سقط في زملكا بحي المزرعة,Use of illegal weapons,,"bounana, citizen journalist in Zamalka",مراسل ميداني في زملكا,https://files.syrianarchive.org/chemicalweapons/Damascus%20Countryside/T000000117.mp4,,https://www.youtube.com/watch?v=rvJCSJOwZhI,,,,,,,,,,,,,,,,,,,,,,,
CW_1093,Zamalka,زملكا,36.3510736,33.5261956,APPROXIMATE,,,,Use of illegal weapons,,Nabd Al-Asemah reporters,مراسلو نبض العاصمة,https://files.syrianarchive.org/chemicalweapons/Damascus%20Countryside/T000000118.mp4,,https://www.youtube.com/user/DCPULSATION,,,,,,,,,,,,,,,,,,,,,,,
CW_1094,Zamalka,زملكا,36.3510736,33.5261956,APPROXIMATE,08/22/13 12:00 AM,The video shows a person explaining what happened to the area attacked by the chemical rockets.,شاهد يشرح ما حصل للمساكن المدنية والحقول أثر الضربة الكيماوية على منطقة زملكا في ريف دمشق,Use of illegal weapons,,Erbin City Coordinating Committee,تنسيقية مدينة عربين,https://files.syrianarchive.org/chemicalweapons/Damascus%20Countryside/T000000119.mp4,,https://www.facebook.com/ErbinCity2014/timeline,,,,,,,,,,,,,,,,,,,,,,,
CW_1095,Zamalka,زملكا,36.3510736,33.5261956,APPROXIMATE,08/22/13 12:00 AM,,فيديو لحيوانات نفقت بسبب الهجوم الكيماوي على زملكا في ريف دمشق ومقابلة شخص تكلم عن الضحايا من عائلته,Use of illegal weapons,,Erbin City Coordinating Committee,تنسيقية مدينة عربين,,,https://www.facebook.com/ErbinCity2014/timeline,,,,,,,,,,,,,,,,,,,,,,,
CW_1096,Zamalka,زملكا,36.3510736,33.5261956,APPROXIMATE,08/22/13 12:00 AM,,بقايا أحد الصواريخ الكيماوية التي سقطت على حي زملكا في ريف دمشق,Use of illegal weapons,,Kafar Sousah Coordinating Committee,تنسيقية حي كفرسوسة,https://files.syrianarchive.org/chemicalweapons/Damascus%20Countryside/T000000121.mp4,,https://www.youtube.com/user/KafarSousahRevo/,,,,,,,,,,,,,,,,,,,,,,,https://www.facebook.com/Kafarsousah.Revolution
CW_1097,Zamalka,زملكا,36.3510736,33.5261956,APPROXIMATE,08/22/13 12:00 AM,,بقايا أحد الصواريخ الكيماوية التي سقطت على حي زملكا في ريف دمشق,Use of illegal weapons,,Kafar Sousah Coordinating Committee,تنسيقية حي كفرسوسة,https://files.syrianarchive.org/chemicalweapons/Damascus%20Countryside/T000000122.mp4,,https://www.youtube.com/user/KafarSousahRevo/,,,,,,,,Chemical weapon,Volcano,,,,,,,,,,,,,,قرب جامع التوفيق
CW_1098,Zamalka,زملكا,36.3510736,33.5261956,APPROXIMATE,08/21/13 12:00 AM,,,Use of illegal weapons,,Duma Coordinating Committee,لجان التنسيق المحلية في دوما,https://files.syrianarchive.org/chemicalweapons/Damascus%20Countryside/%D8%AF%D9%88%D9%85%D8%A7%20-%20%D9%84%D8%AC%D8%A7%D9%86%20%D8%A7%D9%84%D8%AA%D9%86%D8%B3%D9%8A%D9%82%20%D8%A7%D9%84%D9%85%D8%AD%D9%84%D9%8A%D8%A9%2021%20_%2008%20_%202013-L7V6uNjhTnk.mp4,,https://www.youtube.com/channel/UCgUrqRAu7OvHnFvvytnVWOw,,,,,,,,,,,,,,,,,,,,,,,
CW_1099,Zamalka,زملكا,36.3510736,33.5261956,APPROXIMATE,08/21/13 12:00 AM,,حالات الإختناق والاغماء نتيجة استنشاق الغازات السامة التي تم ضربها على مدن زملكا وجوبر وعين ترما,Use of illegal weapons,,Duma Coordinating Committee,لجان التنسيق المحلية في دوما,https://files.syrianarchive.org/chemicalweapons/Damascus%20Countryside/%D8%AF%D9%88%D9%85%D8%A7%20-%20%D9%84%D8%AC%D8%A7%D9%86%20%D8%A7%D9%84%D8%AA%D9%86%D8%B3%D9%8A%D9%82%20%D8%A7%D9%84%D9%85%D8%AD%D9%84%D9%8A%D8%A9%2021%20_%208%20_%202013-Ks9YB99H-Do.mp4,,https://www.youtube.com/channel/UCgUrqRAu7OvHnFvvytnVWOw,,,,,,,,,,,,,,,,,,,,,,,
CW_1100,Zamalka,زملكا,36.3510736,33.5261956,APPROXIMATE,08/21/13 12:00 AM,,طفلة متأثرة باستنشاق الغازات السامة,Use of illegal weapons,,Duma Coordinating Committee,لجان التنسيق المحلية في دوما,https://files.syrianarchive.org/chemicalweapons/Damascus%20Countryside/%D8%AF%D9%88%D9%85%D8%A7%20-%20%D9%84%D8%AC%D8%A7%D9%86%20%D8%A7%D9%84%D8%AA%D9%86%D8%B3%D9%8A%D9%82%20%D8%A7%D9%84%D9%85%D8%AD%D9%84%D9%8A%D8%A9%2021%20_%208%20_%202013-Zr5HQTfKsvY.mp4,,https://www.youtube.com/channel/UCgUrqRAu7OvHnFvvytnVWOw,,,,,,,,,,,,,,,,,,,,,,,
CW_1101,Zamalka,زملكا,36.3510736,33.5261956,APPROXIMATE,08/21/13 12:00 AM,,الحالات التي وصلت الى مدينة دوما نتيجة استهداف مدن زملكا وجوبر وعين ترما,Use of illegal weapons,,Duma Coordinating Committee,لجان التنسيق المحلية في دوما,https://files.syrianarchive.org/chemicalweapons/Damascus%20Countryside/%D8%AF%D9%88%D9%85%D8%A7%20-%20%D9%84%D8%AC%D8%A7%D9%86%20%D8%A7%D9%84%D8%AA%D9%86%D8%B3%D9%8A%D9%82%20%D8%A7%D9%84%D9%85%D8%AD%D9%84%D9%8A%D8%A9%2021%20_%208%20_%202013-pQAewAts0kc.mp4,,https://www.youtube.com/channel/UCgUrqRAu7OvHnFvvytnVWOw,,,,,,,,,,,,,,,,,,,,,,,
CW_1102,Zamalka,زملكا,36.3510736,33.5261956,APPROXIMATE,08/21/13 12:00 AM,,حالات الإختناق والاغماء نتيجة استنشاق الغازات السامة التي تم ضربها على مدن زملكا وجوبر وعين ترما,Use of illegal weapons,,Duma Coordinating Committee,لجان التنسيق المحلية في دوما,https://files.syrianarchive.org/chemicalweapons/Damascus%20Countryside/%D8%AF%D9%88%D9%85%D8%A7%20-%20%D9%84%D8%AC%D8%A7%D9%86%20%D8%A7%D9%84%D8%AA%D9%86%D8%B3%D9%8A%D9%82%20%D8%A7%D9%84%D9%85%D8%AD%D9%84%D9%8A%D8%A9%2021%20_%208%20_%202013-Qc990oy5Yzc.mp4,,https://www.youtube.com/channel/UCgUrqRAu7OvHnFvvytnVWOw,,,,,,,,,,,,,,,,,,,,,,,
CW_1103,Zamalka,زملكا,36.3510736,33.5261956,APPROXIMATE,08/21/13 12:00 AM,,شهادة الطفل محمد تكريتي 13 عام,Use of illegal weapons,,VDC,مركز توثيق الانتهاكات,https://files.syrianarchive.org/chemicalweapons/Damascus%20Countryside/%D8%B4%D9%87%D8%A7%D8%AF%D8%A9%20%D8%A7%D9%84%D8%B7%D9%81%D9%84%20(%D9%85%D8%AD%D9%85%D8%AF%20%D8%AA%D9%83%D8%B1%D9%8A%D8%AA%D9%8A)%2013%20%D8%B9%D8%A7%D9%85%D8%A7%D8%8C%2021-08-2013%20-%20%D8%B2%D9%85%D9%84%D9%83%D8%A7%D8%8C%20%D8%B1%D9%8A%D9%81%20%D8%AF%D9%85%D8%B4%D9%82-xa5hYtf93PA.mp4,,https://www.youtube.com/channel/UCOT0rCJLOYfjXR7DqteC_Yg,,,,,,,,,,,,,,,,,,,,,,,
CW_1104,Zamalka,زملكا,36.3510736,33.5261956,APPROXIMATE,08/21/13 12:00 AM,,شهاادة مصاب في نقطة طبية في زملكا,Use of illegal weapons,,VDC,مركز توثيق الانتهاكات,https://files.syrianarchive.org/chemicalweapons/Damascus%20Countryside/%D8%B4%D9%87%D8%A7%D8%AF%D8%A9%20%D9%85%D8%B5%D8%A7%D8%A8%20%D9%81%D9%8A%20%D9%86%D9%82%D8%B7%D8%A9%20%D8%B7%D8%A8%D9%8A%D8%A9%20%D9%81%D9%8A%20%D8%B2%D9%85%D9%84%D9%83%D8%A7-noLaWAsTFRI.mp4,,https://www.youtube.com/channel/UCOT0rCJLOYfjXR7DqteC_Yg,,,,,,,,,,,,,,,,,,,,,,,
CW_1105,Zamalka,زملكا,36.3510736,33.5261956,APPROXIMATE,08/21/13 12:00 AM,,اسعاف المصابين بالقصف الكيماوي في زملكا,Use of illegal weapons,,Saqba Coordinating Committee,تنسيقية مدينة سقبا,https://files.syrianarchive.org/chemicalweapons/Damascus%20Countryside/%D8%BA%D9%88%D8%B7%D8%A9%20%D8%A7%D9%84%D8%B4%D8%B1%D9%82%D9%8A%D8%A9%2021-8-2013%20%D8%A7%D8%B5%D8%A7%D8%A8%D8%A7%D8%AA%20%D8%A7%D9%84%D9%82%D8%B5%D9%81%20%D8%A7%D9%84%D9%83%D9%8A%D9%85%D8%A7%D9%88%D9%8A%20%D8%B9%D9%84%D9%89%20%D8%B2%D9%85%D9%84%D9%83%D8%A7%20%D9%88%D8%B9%D9%8A%D9%86%20%D8%AA%D8%B1%D9%85%D8%A7%20(%D9%85%D8%B5%D8%A7%D8%A8%D9%8A%D9%86%20%D9%88%D8%B4%D9%87%D8%AF%D8%A7%D8%A1)-X-OlQsJ0RSw.mp4,,https://www.youtube.com/user/SaqbaRevo0,,,,,,,,,,,,,,,,,,,,,,,
CW_1106,Zamalka,زملكا,36.3510736,33.5261956,APPROXIMATE,08/21/13 12:00 AM,,ضحايا الهجمات الكيماوية على زملكا,Use of illegal weapons,,Saqba Coordinating Committee,تنسيقية مدينة سقبا,https://files.syrianarchive.org/chemicalweapons/Damascus%20Countryside/%D8%BA%D9%88%D8%B7%D8%A9%20%D8%A7%D9%84%D8%B4%D8%B1%D9%82%D9%8A%D8%A9%2021-8-2013%20%D9%85%D8%AC%D8%B2%D8%B1%D8%A9%20%D9%88%D8%B9%D8%B4%D8%B1%D8%A7%D8%AA%20%D8%A7%D9%84%D8%B4%D9%87%D8%AF%D8%A7%D8%A1%20%D9%88%D8%A7%D9%84%D9%85%D8%B5%D8%A7%D8%A8%D9%8A%D9%86%20%D8%A8%D9%82%D8%B5%D9%81%20%D8%B2%D9%85%D9%84%D9%83%D8%A7%20%D9%88%D8%B9%D9%8A%D9%86%20%D8%AA%D8%B1%D9%85%D8%A7%20%D8%A8%D8%A7%D9%84%D9%83%D9%8A%D9%85%D8%A7%D9%88%D9%8A%201-Qa0fWpKmFuY.mp4,,https://www.youtube.com/user/SaqbaRevo0,,,,,,,,,,,,,,,,,,,,,,,
CW_1107,Zamalka,زملكا,36.3510736,33.5261956,APPROXIMATE,08/21/13 12:00 AM,,ضحايا الهجمات الكيماوية على زملكا,Use of illegal weapons,,Saqba Coordinating Committee,تنسيقية مدينة سقبا,https://files.syrianarchive.org/chemicalweapons/Damascus%20Countryside/%D8%BA%D9%88%D8%B7%D8%A9%20%D8%A7%D9%84%D8%B4%D8%B1%D9%82%D9%8A%D8%A9%2021-8-2013%20%D9%85%D8%AC%D8%B2%D8%B1%D8%A9%20%D9%88%D8%B9%D8%B4%D8%B1%D8%A7%D8%AA%20%D8%A7%D9%84%D8%B4%D9%87%D8%AF%D8%A7%D8%A1%20%D9%88%D8%A7%D9%84%D9%85%D8%B5%D8%A7%D8%A8%D9%8A%D9%86%20%D8%A8%D9%82%D8%B5%D9%81%20%D8%B2%D9%85%D9%84%D9%83%D8%A7%20%D9%88%D8%B9%D9%8A%D9%86%20%D8%AA%D8%B1%D9%85%D8%A7%20%D8%A8%D8%A7%D9%84%D9%83%D9%8A%D9%85%D8%A7%D9%88%D9%8A%202-t8H_iuI56zY.mp4,,https://www.youtube.com/user/SaqbaRevo0,,,,,,,,,,,,,,,,,,,,,,,
CW_1108,Zamalka,زملكا,36.3510736,33.5261956,APPROXIMATE,08/21/13 12:00 AM,Victims of chemical attack.,إصابات نتيجة القصف بالسلاح الكيماوي,Use of illegal weapons,,Kafar Batna Coordinating Committee,المكتب الإعلامي في تنسيقية كفر بطنا,https://files.syrianarchive.org/chemicalweapons/Damascus%20Countryside/T000000161.mp4,,https://www.youtube.com/user/syriafredoom/,,,,,,,,,,,,,,,,,,,,,,,
CW_1109,Zamalka,زملكا,36.3510736,33.5261956,APPROXIMATE,08/21/13 12:00 AM,Child victim of the chemical attacks in Damascus.,إصابة طفل صغير بالغازات الكيماوية,Use of illegal weapons,,Kafar Batna Coordinating Committee,المكتب الإعلامي في تنسيقية كفر بطنا,https://files.syrianarchive.org/chemicalweapons/Damascus%20Countryside/T000000166.mp4,,https://www.youtube.com/user/syriafredoom/,,,,,,,,,,,,,,,,,,,,,,,
CW_1110,Zamalka,زملكا,36.3510736,33.5261956,APPROXIMATE,08/21/13 12:00 AM,Victims of chemical attack.,إصابات نتيجة القصف بالسلاح الكيماوي,Use of illegal weapons,,Kafar Batna Coordinating Committee,المكتب الإعلامي في تنسيقية كفر بطنا,https://files.syrianarchive.org/chemicalweapons/Damascus%20Countryside/T000000167.mp4,,https://www.youtube.com/user/syriafredoom/,,,,,,,,,,,,,,,,,,,,,,,
CW_1111,Zamalka,زملكا,36.3510736,33.5261956,APPROXIMATE,08/21/13 12:00 AM,Victims of chemical attack.,إصابات نتيجة القصف بالسلاح الكيماوي,Use of illegal weapons,,Kafar Batna Coordinating Committee,المكتب الإعلامي في تنسيقية كفر بطنا,https://files.syrianarchive.org/chemicalweapons/Damascus%20Countryside/T000000168.mp4,,https://www.youtube.com/user/syriafredoom/,,,,,,,,,,,,,,,,,,,,,,,
CW_1112,Zamalka,زملكا,36.3510736,33.5261956,APPROXIMATE,08/21/13 12:00 AM,Victims of chemical attack.,إصابات نتيجة القصف بالسلاح الكيماوي,Use of illegal weapons,,Kafar Batna Coordinating Committee,المكتب الإعلامي في تنسيقية كفر بطنا,https://files.syrianarchive.org/chemicalweapons/Damascus%20Countryside/T000000169.mp4,,https://www.youtube.com/user/syriafredoom/,,,,,,,,,,,,,,,,,,,,,,,
CW_1113,Zamalka,زملكا,36.3510736,33.5261956,APPROXIMATE,08/21/13 12:00 AM,Children and adults victims of chemical attack.,إصابات لأطفال وبالغين نتيجة القصف بالسلاح الكيماوي,Use of illegal weapons,,Kafar Batna Coordinating Committee,المكتب الإعلامي في تنسيقية كفر بطنا,https://files.syrianarchive.org/chemicalweapons/Damascus%20Countryside/T000000170.mp4,,https://www.youtube.com/user/syriafredoom/,,,,,,,,,,,,,,,,,,,,,,,
CW_1114,Zamalka,زملكا,36.3510736,33.5261956,APPROXIMATE,08/21/13 12:00 AM,Children and adults victims of chemical attack.,إصابات لأطفال وبالغين نتيجة القصف بالسلاح الكيماوي,Use of illegal weapons,,Kafar Batna Coordinating Committee,المكتب الإعلامي في تنسيقية كفر بطنا,https://files.syrianarchive.org/chemicalweapons/Damascus%20Countryside/T000000171.mp4,,https://www.youtube.com/user/syriafredoom/,,,,,,,,,,,,,,,,,,,,,,,
CW_1115,Zamalka,زملكا,36.3510736,33.5261956,APPROXIMATE,08/21/13 12:00 AM,Children and adults victims of chemical attack.,إصابات لأطفال وبالغين نتيجة القصف بالسلاح الكيماوي,Use of illegal weapons,,Kafar Batna Coordinating Committee,المكتب الإعلامي في تنسيقية كفر بطنا,https://files.syrianarchive.org/chemicalweapons/Damascus%20Countryside/T000000172.mp4,,https://www.youtube.com/user/syriafredoom/,,,,,,,,,,,,,,,,,,,,,,,
CW_1116,Zamalka,زملكا,36.3510736,33.5261956,APPROXIMATE,08/21/13 12:00 AM,Victims of chemical attack on Damascus.,إصابات نتيجة القصف بالسلاح الكيماوي,Use of illegal weapons,,Kafar Batna Coordinating Committee,المكتب الإعلامي في تنسيقية كفر بطنا,https://files.syrianarchive.org/chemicalweapons/Damascus%20Countryside/T000000176.mp4,,https://www.youtube.com/user/syriafredoom/,,,,,,,,,,,,,,,,,,,,,,,
CW_1117,Zamalka,زملكا,36.3510736,33.5261956,APPROXIMATE,08/22/13 12:00 AM,,مقابلة مع الناجية سمر المصري وابنتها، اللتان تعرضتا للغازات الكبماوية,Use of illegal weapons,,VDC,مركز توثيق الانتهاكات,"https://files.syrianarchive.org/chemicalweapons/Damascus%20Countryside/%D9%85%D9%82%D8%A7%D8%A8%D9%84%D8%A9%20-%D8%B7%D9%81%D9%84%D8%A9%20%D9%84%D9%85%20%D8%AA%D8%B9%D8%AF%20%D8%AA%D8%AA%D8%B9%D8%B1%D9%81%20%D8%B9%D9%84%D9%89%20%D8%A7%D9%85%D9%87%D8%A7%20%D8%A8%D8%B3%D8%A8%D8%A8%20%D8%AA%D8%B9%D8%B1%D8%B6%D9%87%D9%85%20%D9%84%D8%BA%D8%A7%D8%B2%D8%A7%D8%AA%20%D9%83%D9%8A%D9%85%D8%A7%D9%88%D9%8A%D8%A9%20CW%20Massacre%20Survivors%e2%80%ac%e2%80%ac,Subtitled-2aARXIwPNew.mp4",,https://www.youtube.com/channel/UCOT0rCJLOYfjXR7DqteC_Yg,,,,,,,,,,,,,,,,,,,,,,,
CW_1118,Zamalka,زملكا,36.3510736,33.5261956,APPROXIMATE,08/21/13 12:00 AM,,اعراض الاصابة بالغازات السامة على المدنيين,Use of illegal weapons,,Free Duma Network,شبكة أحرار دوما ,https://files.syrianarchive.org/chemicalweapons/Damascus%20Countryside/%D9%87%D8%A7%D8%A7%D8%A7%D8%A7%D8%A7%D8%A7%D8%A7%D8%A7%D9%85%20%D8%AC%D8%AF%D8%A7%D9%8B%20_%20%D8%B1%D9%8A%D9%81%20%D8%AF%D9%85%D8%B4%D9%82%20_%20%D8%AD%D8%A7%D9%84%D8%A7%D8%AA%20%D8%AE%D8%B7%D9%8A%D8%B1%D8%A9%20%D8%AC%D8%B1%D8%A7%D8%A1%20%D8%A7%D8%B3%D8%AA%D9%86%D8%B4%D8%A7%D9%82%20%D8%A7%D9%84%D8%BA%D8%A7%D8%B2%D8%A7%D8%AA%20%D8%A7%D9%84%D8%B3%D8%A7%D9%85%D8%A9%20%20(%20%D8%A7%D9%84%D9%83%D9%8A%D9%85%D8%A7%D9%88%D9%8A%20)%20%D9%81%D9%8A%20%D8%A7%D9%84%D8%BA%D9%88%D8%B7%D8%A9%208_21-nfp-CdtdX0o.mp4,,https://www.youtube.com/user/Syriaaaafree,,,,,,,,,,,,,,,,,,,,,,,
CW_1119,Zamalka,زملكا,36.3510736,33.5261956,APPROXIMATE,08/21/13 12:00 AM,,ضحايا القصف الكيماوي,Use of illegal weapons,,Free Duma Network,شبكة أحرار دوما ,https://files.syrianarchive.org/chemicalweapons/Damascus%20Countryside/%D9%87%D8%A7%D8%A7%D8%A7%D8%A7%D8%A7%D9%85%20%D9%88%D8%AE%D8%B7%D9%8A%D8%B1%20%D9%84%D9%84%D8%A5%D8%B9%D9%84%D8%A7%D9%85%20_%20%D8%B1%D9%8A%D9%81%20%D8%AF%D9%85%D8%B4%D9%82%20_%20%D8%B4%D9%87%D8%A7%D8%AF%D8%A9%20%D8%A3%D8%AD%D8%AF%20%D8%A7%D9%84%D9%86%D8%A7%D8%AC%D9%8A%D9%86%20%D9%85%D9%86%20%D8%A7%D8%B3%D8%AA%D8%AE%D8%AF%D8%A7%D9%85%20%D8%A7%D9%84%D9%83%D9%8A%D9%85%D8%A7%D9%88%D9%8A%20%D9%81%D9%8A%20%D8%B2%D9%85%D9%84%D9%83%D8%A7%202013_8_21-GJmz9wP3HWk.mp4,,https://www.youtube.com/user/Syriaaaafree,,,,,,,,,,,,,,,,,,,,,,,
CW_1126,Zamalka,زملكا,36.3510736,33.5261956,APPROXIMATE,08/21/13 12:00 AM,,ضحايا القصف الكيماوي,Use of illegal weapons,,Kafar Batna Coordinating Committee,المكتب الإعلامي في تنسيقية كفر بطنا,https://files.syrianarchive.org/chemicalweapons/Damascus%20Countryside/%D9%81%D9%8A%D8%AF%D9%8A%D9%88%20%D9%85%D8%A4%D8%AB%D8%B1%20%D8%AC%D8%AF%D8%A7%D9%8B%20%D8%A7%D8%B3%D8%AA%D8%B4%D9%87%D8%AF%20%D8%B9%D8%B4%D8%B1%D8%A7%D8%AA%20%D9%88%D9%84%D8%A7%D9%8A%D9%88%D8%AC%D8%AF%20%D9%83%D8%A7%D8%AF%D8%B1%20%D8%B7%D8%A8%D9%8A-njUUPpVmHYk.mp4,,https://www.youtube.com/user/syriafredoom/,,,,,,,,,,,,,,,,,,,,,,,
CW_1128,Zamalka,زملكا,36.3510736,33.5261956,APPROXIMATE,08/21/13 12:00 AM,,محاولة انقاذ طفل,Use of illegal weapons,,"Hadi, citizen journalist in Damascus Suburbs",هادي مراسل ميداني في ريف دمشق,https://files.syrianarchive.org/chemicalweapons/Damascus%20Countryside/%D9%85%D8%A4%D8%AB%D8%B1%20%D9%88%20%D9%85%D9%85%D9%8A%D8%B2%20%D9%85%D8%AD%D8%A7%D9%88%D9%84%D8%A9%20%D8%A7%D9%86%D9%82%D8%A7%D8%B0%20%D8%B7%D9%81%D9%84%20%D8%B5%D8%BA%D9%8A%D8%B1%20%D9%85%D8%B5%D8%A7%D8%A8%20%D8%A8%D8%A7%D9%84%D9%83%D9%8A%D9%85%D8%A7%D9%88%D9%8A%2021-08-2013-IznlJfozlZA.mp4,,https://www.youtube.com/channel/UCUMVShr9h2Uub_N9WQ8Am3g,,,,,,,,,,,,,,,,,,,,,,,
CW_1123,Zamalka,زملكا,36.3510736,33.5261956,APPROXIMATE,08/21/13 12:00 AM,,إسعاف المصابين نتيجة التأثر بالغاز الكيماوي,Use of illegal weapons,,S.R.C.C ,مجلس قيادة الثورة,https://files.syrianarchive.org/chemicalweapons/Damascus%20Countryside/%D8%B3%D9%88%D8%B1%D9%8A%D8%A7%20%D8%A7%D9%84%D9%85%D8%AC%D8%B2%D8%B1%D8%A9%20%D8%A7%D9%84%D9%83%D9%8A%D9%85%D8%A7%D9%88%D9%8A%D8%A9%20%D8%A7%D9%84%D9%83%D8%A8%D8%B1%D9%89%20%D9%81%D9%8A%20%D8%A7%D9%84%D8%BA%D9%88%D8%B7%D8%A9%20%D8%A7%D9%84%D8%B4%D8%B1%D9%82%D9%8A%D8%A9%20%D8%A7%D8%B3%D8%B9%D8%A7%D9%81%20%D8%A3%D8%B7%D9%81%D8%A7%D9%84%20%D8%A7%D9%84%D9%89%20%D8%A7%D9%84%D9%86%D9%82%D8%A7%D8%B7%20%D8%A7%D9%84%D8%B7%D8%A8%D9%8A%D8%A9%20%D8%A7%D9%84%D9%85%D9%8A%D8%AF%D8%A7%D9%86%D9%8A%D8%A9%2021%208%202013-fSvm8mDZyOY.mp4,,https://www.youtube.com/channel/UCkJe97qZm6TgLed1S0XK_jw,,,,,,,,,,,,,,,,,,,,,,,
CW_1124,Zamalka,زملكا,36.3510736,33.5261956,APPROXIMATE,08/21/13 12:00 AM,,شاب مصاب,Use of illegal weapons,,S.R.C.C ,مجلس قيادة الثورة ,https://files.syrianarchive.org/chemicalweapons/Damascus%20Countryside/%D8%B3%D9%88%D8%B1%D9%8A%D8%A7%20%D8%A7%D9%84%D9%85%D8%AC%D8%B2%D8%B1%D8%A9%20%D8%A7%D9%84%D9%83%D9%8A%D9%85%D8%A7%D9%88%D9%8A%D8%A9%20%D8%A7%D9%84%D9%83%D8%A8%D8%B1%D9%89%20%D9%81%D9%8A%20%D8%A7%D9%84%D8%BA%D9%88%D8%B7%D8%A9%20%D8%A7%D9%84%D8%B4%D8%B1%D9%82%D9%8A%D8%A9%20%D8%B4%D9%87%D8%A7%D8%AF%D8%A9%20%D8%A7%D8%AD%D8%AF%20%D8%A7%D9%84%D9%85%D8%B5%D8%A7%D8%A8%D9%8A%D9%86%2021%208%202013-6O-G9HQru_o.mp4,,https://www.youtube.com/channel/UCkJe97qZm6TgLed1S0XK_jw,,,,,,,,,,,,,,,,,,,,,,,
CW_1132,Zamalka,زملكا,36.3510736,33.5261956,APPROXIMATE,08/21/13 12:00 AM,Citizen reporter explaining the situation after the chemical attack in Damascus,مراسل ميداني يشرح تفاصيل الحادثة بعد القصف الكيماوي على دمشق,Use of illegal weapons,,S.R.C.C ,مجلس قيادة الثورة,https://files.syrianarchive.org/chemicalweapons/Damascus%20Countryside/T000000175.mp4,,https://www.youtube.com/channel/UCkJe97qZm6TgLed1S0XK_jw,,,,,,,,,,,,,,,,,,,,,,,
CW_1131,,,,,APPROXIMATE,08/21/13 12:00 AM,Witness to the chemical attack happened in Damascus,شاهد على القصف الكيماوي في دمشق,Use of illegal weapons,,UnKnown,,https://files.syrianarchive.org/chemicalweapons/Damascus%20Countryside/T000000174.mp4,,,,,,,,,,,,,,,,,,,,,,,,,
CW_1133,,,,,APPROXIMATE,08/21/13 12:00 AM,Child victim of the chemical attacks in Damascus.,إصابة طفل صغير بالغازات الكيماوية,Use of illegal weapons,,UnKnown,,https://files.syrianarchive.org/chemicalweapons/Damascus%20Countryside/T000000182.mp4,,,,,,,,,,,,,,,,,,,,,,,,,
